"Time","Mapped – Memory mapped from files (e.g., libraries, mmap)","Shmem – Shared memory used by processes and tmpfs","ShmemHugePages – Shared memory (shmem/tmpfs) allocated with HugePages","PMD Mapped – Shmem/tmpfs backed by Transparent HugePages (PMD)"
2026-06-04 15:40:30,1.62 GiB,33.5 MiB,0 B,0 B
2026-06-04 15:41:00,1.63 GiB,37.1 MiB,0 B,0 B
2026-06-04 15:41:30,1.64 GiB,37.9 MiB,0 B,0 B
2026-06-04 15:42:00,1.64 GiB,38.1 MiB,0 B,0 B
2026-06-04 15:42:30,1.64 GiB,38.2 MiB,0 B,0 B
2026-06-04 15:43:00,1.64 GiB,38.5 MiB,0 B,0 B
2026-06-04 15:43:30,1.64 GiB,38.5 MiB,0 B,0 B
2026-06-04 15:44:00,1.64 GiB,38.6 MiB,0 B,0 B
2026-06-04 15:44:30,1.64 GiB,38.6 MiB,0 B,0 B
2026-06-04 15:45:00,1.64 GiB,38.6 MiB,0 B,0 B
2026-06-04 15:45:30,1.64 GiB,38.8 MiB,0 B,0 B
2026-06-04 15:46:00,1.64 GiB,38.9 MiB,0 B,0 B
2026-06-04 15:46:30,1.64 GiB,38.9 MiB,0 B,0 B
2026-06-04 15:47:00,1.64 GiB,38.9 MiB,0 B,0 B
2026-06-04 15:47:30,1.64 GiB,38.9 MiB,0 B,0 B
2026-06-04 15:48:00,1.64 GiB,38.9 MiB,0 B,0 B
2026-06-04 15:48:30,1.64 GiB,38.9 MiB,0 B,0 B
2026-06-04 15:49:00,1.64 GiB,38.9 MiB,0 B,0 B
2026-06-04 15:49:30,1.64 GiB,38.9 MiB,0 B,0 B
2026-06-04 15:50:00,1.64 GiB,38.9 MiB,0 B,0 B
2026-06-04 15:50:30,1.64 GiB,38.9 MiB,0 B,0 B
2026-06-04 15:51:00,1.64 GiB,38.9 MiB,0 B,0 B
2026-06-04 15:51:30,1.64 GiB,38.9 MiB,0 B,0 B
2026-06-04 15:52:00,1.64 GiB,38.9 MiB,0 B,0 B
2026-06-04 15:52:30,1.64 GiB,38.9 MiB,0 B,0 B
2026-06-04 15:53:00,1.64 GiB,38.9 MiB,0 B,0 B
2026-06-04 15:53:30,1.64 GiB,38.9 MiB,0 B,0 B
2026-06-04 15:54:00,1.64 GiB,38.9 MiB,0 B,0 B
2026-06-04 15:54:30,1.64 GiB,38.9 MiB,0 B,0 B
2026-06-04 15:55:00,1.64 GiB,38.9 MiB,0 B,0 B
2026-06-04 15:55:30,1.64 GiB,38.9 MiB,0 B,0 B
2026-06-04 15:56:00,1.64 GiB,38.9 MiB,0 B,0 B
2026-06-04 15:56:30,1.64 GiB,38.9 MiB,0 B,0 B
2026-06-04 15:57:00,1.64 GiB,38.9 MiB,0 B,0 B
2026-06-04 15:57:30,1.64 GiB,38.9 MiB,0 B,0 B
2026-06-04 15:58:00,1.64 GiB,38.9 MiB,0 B,0 B
2026-06-04 15:58:30,1.64 GiB,38.9 MiB,0 B,0 B
2026-06-04 15:59:00,1.64 GiB,39.0 MiB,0 B,0 B
2026-06-04 15:59:30,1.64 GiB,39.0 MiB,0 B,0 B
2026-06-04 16:00:00,1.64 GiB,39.0 MiB,0 B,0 B
2026-06-04 16:00:30,1.64 GiB,39.0 MiB,0 B,0 B
2026-06-04 16:01:00,1.64 GiB,39.0 MiB,0 B,0 B
2026-06-04 16:01:30,1.65 GiB,39.0 MiB,0 B,0 B
2026-06-04 16:02:00,1.65 GiB,39.0 MiB,0 B,0 B
2026-06-04 16:02:30,1.65 GiB,39.0 MiB,0 B,0 B
2026-06-04 16:03:00,1.65 GiB,39.0 MiB,0 B,0 B
2026-06-04 16:03:30,1.65 GiB,39.0 MiB,0 B,0 B
2026-06-04 16:04:00,1.65 GiB,39.0 MiB,0 B,0 B
2026-06-04 16:04:30,1.65 GiB,39.0 MiB,0 B,0 B
2026-06-04 16:05:00,1.65 GiB,39.0 MiB,0 B,0 B
2026-06-04 16:05:30,1.65 GiB,39.0 MiB,0 B,0 B
2026-06-04 16:06:00,1.65 GiB,39.0 MiB,0 B,0 B
2026-06-04 16:06:30,1.65 GiB,39.0 MiB,0 B,0 B
2026-06-04 16:07:00,1.65 GiB,39.0 MiB,0 B,0 B
2026-06-04 16:07:30,1.65 GiB,39.0 MiB,0 B,0 B
2026-06-04 16:08:00,1.65 GiB,39.0 MiB,0 B,0 B
2026-06-04 16:08:30,1.65 GiB,39.0 MiB,0 B,0 B
2026-06-04 16:09:00,1.65 GiB,39.0 MiB,0 B,0 B
2026-06-04 16:09:30,1.65 GiB,39.0 MiB,0 B,0 B
2026-06-04 16:10:00,1.65 GiB,39.0 MiB,0 B,0 B
2026-06-04 16:10:30,1.65 GiB,39.0 MiB,0 B,0 B
2026-06-04 16:11:00,1.65 GiB,39.0 MiB,0 B,0 B
2026-06-04 16:11:30,1.65 GiB,39.0 MiB,0 B,0 B
2026-06-04 16:12:00,1.65 GiB,39.0 MiB,0 B,0 B
2026-06-04 16:12:30,1.65 GiB,39.0 MiB,0 B,0 B
2026-06-04 16:13:00,1.65 GiB,39.0 MiB,0 B,0 B
2026-06-04 16:13:30,1.65 GiB,39.0 MiB,0 B,0 B
2026-06-04 16:14:00,1.65 GiB,39.0 MiB,0 B,0 B
2026-06-04 16:14:30,1.65 GiB,39.0 MiB,0 B,0 B
2026-06-04 16:15:00,1.65 GiB,39.0 MiB,0 B,0 B
2026-06-04 16:15:30,1.65 GiB,39.0 MiB,0 B,0 B
2026-06-04 16:16:00,1.65 GiB,39.0 MiB,0 B,0 B
2026-06-04 16:16:30,1.65 GiB,39.0 MiB,0 B,0 B
2026-06-04 16:17:00,1.65 GiB,39.0 MiB,0 B,0 B
2026-06-04 16:17:30,1.65 GiB,39.0 MiB,0 B,0 B
2026-06-04 16:18:00,1.65 GiB,39.0 MiB,0 B,0 B
2026-06-04 16:18:30,1.65 GiB,39.0 MiB,0 B,0 B
2026-06-04 16:19:00,1.65 GiB,39.0 MiB,0 B,0 B
2026-06-04 16:19:30,1.65 GiB,39.0 MiB,0 B,0 B
2026-06-04 16:20:00,1.65 GiB,39.0 MiB,0 B,0 B
2026-06-04 16:20:30,1.65 GiB,39.0 MiB,0 B,0 B
2026-06-04 16:21:00,1.65 GiB,39.0 MiB,0 B,0 B
2026-06-04 16:21:30,1.65 GiB,39.0 MiB,0 B,0 B
2026-06-04 16:22:00,1.65 GiB,39.1 MiB,0 B,0 B
2026-06-04 16:22:30,1.65 GiB,39.1 MiB,0 B,0 B
2026-06-04 16:23:00,1.65 GiB,39.1 MiB,0 B,0 B
2026-06-04 16:23:30,1.65 GiB,39.1 MiB,0 B,0 B
2026-06-04 16:24:00,1.65 GiB,39.1 MiB,0 B,0 B
2026-06-04 16:24:30,1.65 GiB,39.1 MiB,0 B,0 B
2026-06-04 16:25:00,1.65 GiB,39.1 MiB,0 B,0 B
2026-06-04 16:25:30,1.65 GiB,39.1 MiB,0 B,0 B
2026-06-04 16:26:00,1.65 GiB,39.1 MiB,0 B,0 B
2026-06-04 16:26:30,1.65 GiB,39.1 MiB,0 B,0 B
2026-06-04 16:27:00,1.65 GiB,39.1 MiB,0 B,0 B
2026-06-04 16:27:30,1.65 GiB,39.1 MiB,0 B,0 B
2026-06-04 16:28:00,1.65 GiB,39.1 MiB,0 B,0 B
2026-06-04 16:28:30,1.65 GiB,39.1 MiB,0 B,0 B
2026-06-04 16:29:00,1.65 GiB,39.1 MiB,0 B,0 B
2026-06-04 16:29:30,1.65 GiB,39.1 MiB,0 B,0 B
2026-06-04 16:30:00,1.65 GiB,39.1 MiB,0 B,0 B
2026-06-04 16:30:30,1.65 GiB,39.1 MiB,0 B,0 B
2026-06-04 16:31:00,1.65 GiB,39.1 MiB,0 B,0 B
2026-06-04 16:31:30,1.65 GiB,39.1 MiB,0 B,0 B
2026-06-04 16:32:00,1.65 GiB,39.1 MiB,0 B,0 B
2026-06-04 16:32:30,1.65 GiB,39.1 MiB,0 B,0 B
2026-06-04 16:33:00,1.65 GiB,39.1 MiB,0 B,0 B
2026-06-04 16:33:30,1.65 GiB,39.1 MiB,0 B,0 B
2026-06-04 16:34:00,1.65 GiB,39.1 MiB,0 B,0 B
2026-06-04 16:34:30,1.65 GiB,39.1 MiB,0 B,0 B
2026-06-04 16:35:00,1.65 GiB,39.1 MiB,0 B,0 B
2026-06-04 16:35:30,1.65 GiB,39.1 MiB,0 B,0 B
2026-06-04 16:36:00,1.65 GiB,39.1 MiB,0 B,0 B
2026-06-04 16:36:30,1.65 GiB,39.1 MiB,0 B,0 B
2026-06-04 16:37:00,1.65 GiB,39.1 MiB,0 B,0 B
2026-06-04 16:37:30,1.65 GiB,39.1 MiB,0 B,0 B
2026-06-04 16:38:00,1.65 GiB,39.1 MiB,0 B,0 B
2026-06-04 16:38:30,1.65 GiB,39.1 MiB,0 B,0 B
2026-06-04 16:39:00,1.65 GiB,39.1 MiB,0 B,0 B
2026-06-04 16:39:30,1.65 GiB,39.1 MiB,0 B,0 B
2026-06-04 16:40:00,1.65 GiB,39.1 MiB,0 B,0 B
2026-06-04 16:40:30,1.65 GiB,39.1 MiB,0 B,0 B
2026-06-04 16:41:00,1.65 GiB,39.1 MiB,0 B,0 B
2026-06-04 16:41:30,1.65 GiB,39.1 MiB,0 B,0 B
2026-06-04 16:42:00,1.65 GiB,39.1 MiB,0 B,0 B
2026-06-04 16:42:30,1.65 GiB,39.1 MiB,0 B,0 B
2026-06-04 16:43:00,1.65 GiB,39.1 MiB,0 B,0 B
2026-06-04 16:43:30,1.65 GiB,39.1 MiB,0 B,0 B
2026-06-04 16:44:00,1.65 GiB,39.1 MiB,0 B,0 B
2026-06-04 16:44:30,1.65 GiB,39.1 MiB,0 B,0 B
2026-06-04 16:45:00,1.65 GiB,39.1 MiB,0 B,0 B
2026-06-04 16:45:30,1.65 GiB,39.1 MiB,0 B,0 B
2026-06-04 16:46:00,1.65 GiB,39.1 MiB,0 B,0 B
2026-06-04 16:46:30,1.65 GiB,39.1 MiB,0 B,0 B
2026-06-04 16:47:00,1.65 GiB,39.1 MiB,0 B,0 B
2026-06-04 16:47:30,1.65 GiB,39.1 MiB,0 B,0 B
2026-06-04 16:48:00,1.65 GiB,39.1 MiB,0 B,0 B
2026-06-04 16:48:30,1.65 GiB,39.1 MiB,0 B,0 B
2026-06-04 16:49:00,1.65 GiB,39.1 MiB,0 B,0 B
2026-06-04 16:49:30,1.65 GiB,39.1 MiB,0 B,0 B
2026-06-04 16:50:00,1.65 GiB,39.1 MiB,0 B,0 B
2026-06-04 16:50:30,1.65 GiB,39.1 MiB,0 B,0 B
2026-06-04 16:51:00,1.65 GiB,39.1 MiB,0 B,0 B
2026-06-04 16:51:30,1.65 GiB,39.1 MiB,0 B,0 B
2026-06-04 16:52:00,1.65 GiB,39.1 MiB,0 B,0 B
2026-06-04 16:52:30,1.65 GiB,39.1 MiB,0 B,0 B
2026-06-04 16:53:00,1.65 GiB,39.1 MiB,0 B,0 B
2026-06-04 16:53:30,1.65 GiB,39.1 MiB,0 B,0 B
2026-06-04 16:54:00,1.65 GiB,39.1 MiB,0 B,0 B
2026-06-04 16:54:30,1.65 GiB,39.1 MiB,0 B,0 B
2026-06-04 16:55:00,1.65 GiB,39.1 MiB,0 B,0 B
2026-06-04 16:55:30,1.65 GiB,39.1 MiB,0 B,0 B
2026-06-04 16:56:00,1.65 GiB,39.1 MiB,0 B,0 B
2026-06-04 16:56:30,1.65 GiB,39.1 MiB,0 B,0 B
2026-06-04 16:57:00,1.65 GiB,39.1 MiB,0 B,0 B
2026-06-04 16:57:30,1.65 GiB,39.1 MiB,0 B,0 B
2026-06-04 16:58:00,1.65 GiB,39.1 MiB,0 B,0 B
2026-06-04 16:58:30,1.65 GiB,39.1 MiB,0 B,0 B
2026-06-04 16:59:00,1.65 GiB,39.1 MiB,0 B,0 B
2026-06-04 16:59:30,1.65 GiB,39.1 MiB,0 B,0 B
2026-06-04 17:00:00,1.65 GiB,39.1 MiB,0 B,0 B
2026-06-04 17:00:30,1.65 GiB,39.1 MiB,0 B,0 B
2026-06-04 17:01:00,1.65 GiB,39.1 MiB,0 B,0 B
2026-06-04 17:01:30,1.66 GiB,39.1 MiB,0 B,0 B
2026-06-04 17:02:00,1.66 GiB,39.1 MiB,0 B,0 B
2026-06-04 17:02:30,1.66 GiB,39.1 MiB,0 B,0 B
2026-06-04 17:03:00,1.66 GiB,39.1 MiB,0 B,0 B
2026-06-04 17:03:30,1.66 GiB,39.1 MiB,0 B,0 B
2026-06-04 17:04:00,1.66 GiB,39.1 MiB,0 B,0 B
2026-06-04 17:04:30,1.66 GiB,39.1 MiB,0 B,0 B
2026-06-04 17:05:00,1.66 GiB,39.1 MiB,0 B,0 B
2026-06-04 17:05:30,1.66 GiB,39.1 MiB,0 B,0 B
2026-06-04 17:06:00,1.66 GiB,39.1 MiB,0 B,0 B
2026-06-04 17:06:30,1.66 GiB,39.1 MiB,0 B,0 B
2026-06-04 17:07:00,1.66 GiB,39.1 MiB,0 B,0 B
2026-06-04 17:07:30,1.66 GiB,39.1 MiB,0 B,0 B
2026-06-04 17:08:00,1.66 GiB,39.1 MiB,0 B,0 B
2026-06-04 17:08:30,1.66 GiB,39.1 MiB,0 B,0 B
2026-06-04 17:09:00,1.66 GiB,39.1 MiB,0 B,0 B
2026-06-04 17:09:30,1.66 GiB,39.1 MiB,0 B,0 B
2026-06-04 17:10:00,1.66 GiB,39.1 MiB,0 B,0 B
2026-06-04 17:10:30,1.66 GiB,39.1 MiB,0 B,0 B
2026-06-04 17:11:00,1.66 GiB,39.1 MiB,0 B,0 B
2026-06-04 17:11:30,1.66 GiB,39.1 MiB,0 B,0 B
2026-06-04 17:12:00,1.66 GiB,39.1 MiB,0 B,0 B
2026-06-04 17:12:30,1.66 GiB,39.1 MiB,0 B,0 B
2026-06-04 17:13:00,1.66 GiB,39.1 MiB,0 B,0 B
2026-06-04 17:13:30,1.66 GiB,39.1 MiB,0 B,0 B
2026-06-04 17:14:00,1.66 GiB,39.1 MiB,0 B,0 B
2026-06-04 17:14:30,1.66 GiB,39.1 MiB,0 B,0 B
2026-06-04 17:15:00,1.66 GiB,39.1 MiB,0 B,0 B
2026-06-04 17:15:30,1.66 GiB,39.1 MiB,0 B,0 B
2026-06-04 17:16:00,1.66 GiB,39.1 MiB,0 B,0 B
2026-06-04 17:16:30,1.66 GiB,39.1 MiB,0 B,0 B
2026-06-04 17:17:00,1.66 GiB,39.1 MiB,0 B,0 B
2026-06-04 17:17:30,1.66 GiB,39.1 MiB,0 B,0 B
2026-06-04 17:18:00,1.66 GiB,39.1 MiB,0 B,0 B
2026-06-04 17:18:30,1.66 GiB,39.1 MiB,0 B,0 B
2026-06-04 17:19:00,1.66 GiB,39.1 MiB,0 B,0 B
2026-06-04 17:19:30,1.66 GiB,39.1 MiB,0 B,0 B
2026-06-04 17:20:00,1.66 GiB,39.1 MiB,0 B,0 B
2026-06-04 17:20:30,1.66 GiB,39.1 MiB,0 B,0 B
2026-06-04 17:21:00,1.66 GiB,39.1 MiB,0 B,0 B
2026-06-04 17:21:30,1.66 GiB,39.1 MiB,0 B,0 B
2026-06-04 17:22:00,1.66 GiB,39.1 MiB,0 B,0 B
2026-06-04 17:22:30,1.66 GiB,39.1 MiB,0 B,0 B
2026-06-04 17:23:00,1.66 GiB,39.1 MiB,0 B,0 B
2026-06-04 17:23:30,1.66 GiB,39.1 MiB,0 B,0 B
2026-06-04 17:24:00,1.66 GiB,39.1 MiB,0 B,0 B
2026-06-04 17:24:30,1.66 GiB,39.1 MiB,0 B,0 B
2026-06-04 17:25:00,1.66 GiB,39.1 MiB,0 B,0 B
2026-06-04 17:25:30,1.66 GiB,39.1 MiB,0 B,0 B
2026-06-04 17:26:00,1.66 GiB,39.1 MiB,0 B,0 B
2026-06-04 17:26:30,1.66 GiB,39.1 MiB,0 B,0 B
2026-06-04 17:27:00,1.66 GiB,39.1 MiB,0 B,0 B
2026-06-04 17:27:30,1.66 GiB,39.1 MiB,0 B,0 B
2026-06-04 17:28:00,1.66 GiB,39.1 MiB,0 B,0 B
2026-06-04 17:28:30,1.66 GiB,39.1 MiB,0 B,0 B
2026-06-04 17:29:00,1.66 GiB,39.1 MiB,0 B,0 B
2026-06-04 17:29:30,1.66 GiB,39.1 MiB,0 B,0 B
2026-06-04 17:30:00,1.66 GiB,39.1 MiB,0 B,0 B
2026-06-04 17:30:30,1.66 GiB,39.1 MiB,0 B,0 B
2026-06-04 17:31:00,1.66 GiB,39.1 MiB,0 B,0 B
2026-06-04 17:31:30,1.66 GiB,39.1 MiB,0 B,0 B
2026-06-04 17:32:00,1.66 GiB,39.1 MiB,0 B,0 B
2026-06-04 17:32:30,1.66 GiB,39.1 MiB,0 B,0 B
2026-06-04 17:33:00,1.66 GiB,39.1 MiB,0 B,0 B
2026-06-04 17:33:30,1.66 GiB,39.1 MiB,0 B,0 B
2026-06-04 17:34:00,1.66 GiB,39.1 MiB,0 B,0 B
2026-06-04 17:34:30,1.66 GiB,39.1 MiB,0 B,0 B
2026-06-04 17:35:00,1.66 GiB,39.1 MiB,0 B,0 B
2026-06-04 17:35:30,1.66 GiB,39.1 MiB,0 B,0 B
2026-06-04 17:36:00,1.66 GiB,39.1 MiB,0 B,0 B
2026-06-04 17:36:30,1.66 GiB,39.1 MiB,0 B,0 B
2026-06-04 17:37:00,1.66 GiB,39.1 MiB,0 B,0 B
2026-06-04 17:37:30,1.66 GiB,39.1 MiB,0 B,0 B
2026-06-04 17:38:00,1.66 GiB,39.1 MiB,0 B,0 B
2026-06-04 17:38:30,1.66 GiB,39.1 MiB,0 B,0 B
2026-06-04 17:39:00,1.66 GiB,39.1 MiB,0 B,0 B
2026-06-04 17:39:30,1.66 GiB,39.1 MiB,0 B,0 B
2026-06-04 17:40:00,1.66 GiB,39.1 MiB,0 B,0 B
2026-06-04 17:40:30,1.66 GiB,39.1 MiB,0 B,0 B
2026-06-04 17:41:00,1.66 GiB,39.1 MiB,0 B,0 B
2026-06-04 17:41:30,1.66 GiB,39.1 MiB,0 B,0 B
2026-06-04 17:42:00,1.66 GiB,39.1 MiB,0 B,0 B
2026-06-04 17:42:30,1.66 GiB,39.1 MiB,0 B,0 B
2026-06-04 17:43:00,1.66 GiB,39.1 MiB,0 B,0 B
2026-06-04 17:43:30,1.66 GiB,39.1 MiB,0 B,0 B
2026-06-04 17:44:00,1.66 GiB,39.1 MiB,0 B,0 B
2026-06-04 17:44:30,1.66 GiB,39.1 MiB,0 B,0 B
2026-06-04 17:45:00,1.66 GiB,39.1 MiB,0 B,0 B
2026-06-04 17:45:30,1.66 GiB,39.1 MiB,0 B,0 B
2026-06-04 17:46:00,1.66 GiB,39.1 MiB,0 B,0 B
2026-06-04 17:46:30,1.66 GiB,39.1 MiB,0 B,0 B
2026-06-04 17:47:00,1.66 GiB,39.1 MiB,0 B,0 B
2026-06-04 17:47:30,1.66 GiB,39.1 MiB,0 B,0 B
2026-06-04 17:48:00,1.66 GiB,39.1 MiB,0 B,0 B
2026-06-04 17:48:30,1.66 GiB,39.1 MiB,0 B,0 B
2026-06-04 17:49:00,1.66 GiB,39.1 MiB,0 B,0 B
2026-06-04 17:49:30,1.66 GiB,39.1 MiB,0 B,0 B
2026-06-04 17:50:00,1.66 GiB,39.1 MiB,0 B,0 B
2026-06-04 17:50:30,1.66 GiB,39.1 MiB,0 B,0 B
2026-06-04 17:51:00,1.66 GiB,39.1 MiB,0 B,0 B
2026-06-04 17:51:30,1.66 GiB,39.1 MiB,0 B,0 B
2026-06-04 17:52:00,1.66 GiB,39.1 MiB,0 B,0 B
2026-06-04 17:52:30,1.67 GiB,39.1 MiB,0 B,0 B
2026-06-04 17:53:00,1.66 GiB,39.2 MiB,0 B,0 B
2026-06-04 17:53:30,1.66 GiB,39.2 MiB,0 B,0 B
2026-06-04 17:54:00,1.66 GiB,40.2 MiB,0 B,0 B
2026-06-04 17:54:30,1.65 GiB,31.4 MiB,0 B,0 B
2026-06-04 17:55:00,1.65 GiB,32.1 MiB,0 B,0 B
2026-06-04 17:55:30,1.64 GiB,27.2 MiB,0 B,0 B
2026-06-04 17:56:00,1.64 GiB,31.9 MiB,0 B,0 B
2026-06-04 17:56:30,1.64 GiB,31.6 MiB,0 B,0 B
2026-06-04 17:57:00,1.61 GiB,16.3 MiB,0 B,0 B
2026-06-04 17:57:30,1.60 GiB,16.3 MiB,0 B,0 B
2026-06-04 17:58:00,1.63 GiB,29.0 MiB,0 B,0 B
2026-06-04 17:58:30,1.61 GiB,27.8 MiB,0 B,0 B
2026-06-04 17:59:00,1.58 GiB,31.9 MiB,0 B,0 B
2026-06-04 17:59:30,1.58 GiB,32.3 MiB,0 B,0 B
2026-06-04 18:00:00,1.53 GiB,16.2 MiB,0 B,0 B
2026-06-04 18:00:30,1.51 GiB,16.1 MiB,0 B,0 B
2026-06-04 18:01:00,1.48 GiB,16.1 MiB,0 B,0 B
2026-06-04 18:01:30,1.52 GiB,16.2 MiB,0 B,0 B
2026-06-04 18:02:00,1.53 GiB,16.2 MiB,0 B,0 B
2026-06-04 18:02:30,1.55 GiB,25.7 MiB,0 B,0 B
2026-06-04 18:03:00,1.54 GiB,28.7 MiB,0 B,0 B
2026-06-04 18:03:30,1.51 GiB,16.1 MiB,0 B,0 B
2026-06-04 18:04:00,1.51 GiB,16.1 MiB,0 B,0 B
2026-06-04 18:04:30,1.51 GiB,16.1 MiB,0 B,0 B
2026-06-04 18:05:00,1.54 GiB,16.1 MiB,0 B,0 B
2026-06-04 18:05:30,1.56 GiB,16.2 MiB,0 B,0 B
2026-06-04 18:06:00,1.56 GiB,16.2 MiB,0 B,0 B
2026-06-04 18:06:30,1.53 GiB,16.1 MiB,0 B,0 B
2026-06-04 18:07:00,1.52 GiB,16.2 MiB,0 B,0 B
2026-06-04 18:07:30,1.56 GiB,16.1 MiB,0 B,0 B
2026-06-04 18:08:00,1.56 GiB,16.2 MiB,0 B,0 B
2026-06-04 18:08:30,1.59 GiB,27.8 MiB,0 B,0 B
2026-06-04 18:09:00,1.56 GiB,31.5 MiB,0 B,0 B
2026-06-04 18:09:30,1.56 GiB,31.9 MiB,0 B,0 B
2026-06-04 18:10:00,1.56 GiB,27.4 MiB,0 B,0 B
2026-06-04 18:10:30,1.54 GiB,31.5 MiB,0 B,0 B
2026-06-04 18:11:00,1.56 GiB,32.1 MiB,0 B,0 B
2026-06-04 18:11:30,1.54 GiB,16.1 MiB,0 B,0 B
2026-06-04 18:12:00,1.56 GiB,16.2 MiB,0 B,0 B
2026-06-04 18:12:30,1.51 GiB,16.2 MiB,0 B,0 B
2026-06-04 18:13:00,1.50 GiB,16.2 MiB,0 B,0 B
2026-06-04 18:13:30,1.50 GiB,16.1 MiB,0 B,0 B
2026-06-04 18:14:00,1.49 GiB,16.1 MiB,0 B,0 B
2026-06-04 18:14:30,1.53 GiB,16.1 MiB,0 B,0 B
2026-06-04 18:15:00,1.53 GiB,16.1 MiB,0 B,0 B
2026-06-04 18:15:30,1.51 GiB,16.1 MiB,0 B,0 B
2026-06-04 18:16:00,1.51 GiB,16.1 MiB,0 B,0 B
2026-06-04 18:16:30,1.53 GiB,27.6 MiB,0 B,0 B
2026-06-04 18:17:00,1.53 GiB,31.7 MiB,0 B,0 B
2026-06-04 18:17:30,1.55 GiB,32.2 MiB,0 B,0 B
2026-06-04 18:18:00,1.56 GiB,27.7 MiB,0 B,0 B
2026-06-04 18:18:30,1.54 GiB,16.1 MiB,0 B,0 B
2026-06-04 18:19:00,1.55 GiB,16.2 MiB,0 B,0 B
2026-06-04 18:19:30,1.55 GiB,16.2 MiB,0 B,0 B
2026-06-04 18:20:00,1.48 GiB,16.1 MiB,0 B,0 B
2026-06-04 18:20:30,1.50 GiB,16.1 MiB,0 B,0 B
2026-06-04 18:21:00,1.48 GiB,16.1 MiB,0 B,0 B
2026-06-04 18:21:30,1.47 GiB,16.0 MiB,0 B,0 B
2026-06-04 18:22:00,1.49 GiB,16.1 MiB,0 B,0 B
2026-06-04 18:22:30,1.49 GiB,16.1 MiB,0 B,0 B
2026-06-04 18:23:00,1.49 GiB,16.1 MiB,0 B,0 B
2026-06-04 18:23:30,1.50 GiB,16.1 MiB,0 B,0 B
2026-06-04 18:24:00,1.53 GiB,27.5 MiB,0 B,0 B
2026-06-04 18:24:30,1.55 GiB,32.0 MiB,0 B,0 B
2026-06-04 18:25:00,1.63 GiB,32.1 MiB,0 B,0 B
2026-06-04 18:25:30,1.64 GiB,32.9 MiB,0 B,0 B
2026-06-04 18:26:00,1.62 GiB,33.0 MiB,0 B,0 B
2026-06-04 18:26:30,1.63 GiB,36.9 MiB,0 B,0 B
2026-06-04 18:27:00,1.63 GiB,37.0 MiB,0 B,0 B
2026-06-04 18:27:30,1.63 GiB,37.3 MiB,0 B,0 B
2026-06-04 18:28:00,1.63 GiB,37.3 MiB,0 B,0 B
2026-06-04 18:28:30,1.63 GiB,38.3 MiB,0 B,0 B
2026-06-04 18:29:00,1.63 GiB,38.4 MiB,0 B,0 B
2026-06-04 18:29:30,1.63 GiB,38.7 MiB,0 B,0 B
2026-06-04 18:30:00,1.63 GiB,38.8 MiB,0 B,0 B
2026-06-04 18:30:30,1.63 GiB,38.8 MiB,0 B,0 B
2026-06-04 18:31:00,1.67 GiB,38.8 MiB,0 B,0 B
2026-06-04 18:31:30,1.67 GiB,38.9 MiB,0 B,0 B
2026-06-04 18:32:00,1.67 GiB,38.9 MiB,0 B,0 B
2026-06-04 18:32:30,1.67 GiB,38.9 MiB,0 B,0 B
2026-06-04 18:33:00,1.67 GiB,38.9 MiB,0 B,0 B
2026-06-04 18:33:30,1.67 GiB,38.9 MiB,0 B,0 B
2026-06-04 18:34:00,1.67 GiB,38.9 MiB,0 B,0 B
2026-06-04 18:34:30,1.67 GiB,38.9 MiB,0 B,0 B
2026-06-04 18:35:00,1.67 GiB,38.9 MiB,0 B,0 B
2026-06-04 18:35:30,1.67 GiB,38.9 MiB,0 B,0 B
2026-06-04 18:36:00,1.67 GiB,38.9 MiB,0 B,0 B
2026-06-04 18:36:30,1.67 GiB,38.9 MiB,0 B,0 B
2026-06-04 18:37:00,1.67 GiB,38.9 MiB,0 B,0 B
2026-06-04 18:37:30,1.67 GiB,38.9 MiB,0 B,0 B
2026-06-04 18:38:00,1.67 GiB,38.9 MiB,0 B,0 B
2026-06-04 18:38:30,1.67 GiB,38.9 MiB,0 B,0 B
2026-06-04 18:39:00,1.67 GiB,38.9 MiB,0 B,0 B
2026-06-04 18:39:30,1.67 GiB,39.0 MiB,0 B,0 B
2026-06-04 18:40:00,1.67 GiB,39.0 MiB,0 B,0 B
2026-06-04 18:40:30,1.67 GiB,39.0 MiB,0 B,0 B
2026-06-04 18:41:00,1.67 GiB,39.0 MiB,0 B,0 B
2026-06-04 18:41:30,1.67 GiB,39.0 MiB,0 B,0 B
2026-06-04 18:42:00,1.67 GiB,39.0 MiB,0 B,0 B
2026-06-04 18:42:30,1.67 GiB,39.0 MiB,0 B,0 B
2026-06-04 18:43:00,1.67 GiB,39.0 MiB,0 B,0 B
2026-06-04 18:43:30,1.67 GiB,39.0 MiB,0 B,0 B
2026-06-04 18:44:00,1.67 GiB,39.0 MiB,0 B,0 B
2026-06-04 18:44:30,1.67 GiB,39.0 MiB,0 B,0 B
2026-06-04 18:45:00,1.67 GiB,39.0 MiB,0 B,0 B
2026-06-04 18:45:30,1.67 GiB,39.0 MiB,0 B,0 B
2026-06-04 18:46:00,1.67 GiB,39.0 MiB,0 B,0 B
2026-06-04 18:46:30,1.67 GiB,39.0 MiB,0 B,0 B
2026-06-04 18:47:00,1.67 GiB,39.0 MiB,0 B,0 B
2026-06-04 18:47:30,1.67 GiB,39.0 MiB,0 B,0 B
2026-06-04 18:48:00,1.67 GiB,39.0 MiB,0 B,0 B
2026-06-04 18:48:30,1.67 GiB,39.0 MiB,0 B,0 B
2026-06-04 18:49:00,1.67 GiB,39 MiB,0 B,0 B
2026-06-04 18:49:30,1.67 GiB,39 MiB,0 B,0 B
2026-06-04 18:50:00,1.67 GiB,39 MiB,0 B,0 B
2026-06-04 18:50:30,1.67 GiB,39 MiB,0 B,0 B
2026-06-04 18:51:00,1.67 GiB,39.0 MiB,0 B,0 B
2026-06-04 18:51:30,1.67 GiB,39.0 MiB,0 B,0 B
2026-06-04 18:52:00,1.67 GiB,39.0 MiB,0 B,0 B
2026-06-04 18:52:30,1.67 GiB,39.0 MiB,0 B,0 B
2026-06-04 18:53:00,1.67 GiB,39.0 MiB,0 B,0 B
2026-06-04 18:53:30,1.67 GiB,39.0 MiB,0 B,0 B
2026-06-04 18:54:00,1.67 GiB,39.0 MiB,0 B,0 B
2026-06-04 18:54:30,1.67 GiB,39.0 MiB,0 B,0 B
2026-06-04 18:55:00,1.67 GiB,39.0 MiB,0 B,0 B
2026-06-04 18:55:30,1.67 GiB,39.0 MiB,0 B,0 B
2026-06-04 18:56:00,1.67 GiB,39.0 MiB,0 B,0 B
2026-06-04 18:56:30,1.67 GiB,39.1 MiB,0 B,0 B
2026-06-04 18:57:00,1.67 GiB,39.1 MiB,0 B,0 B
2026-06-04 18:57:30,1.67 GiB,39.1 MiB,0 B,0 B
2026-06-04 18:58:00,1.67 GiB,39.1 MiB,0 B,0 B
2026-06-04 18:58:30,1.67 GiB,39.1 MiB,0 B,0 B
2026-06-04 18:59:00,1.67 GiB,39.1 MiB,0 B,0 B
2026-06-04 18:59:30,1.67 GiB,39.1 MiB,0 B,0 B
2026-06-04 19:00:00,1.67 GiB,39.1 MiB,0 B,0 B
2026-06-04 19:00:30,1.67 GiB,39.1 MiB,0 B,0 B
2026-06-04 19:01:00,1.67 GiB,39.1 MiB,0 B,0 B
2026-06-04 19:01:30,1.67 GiB,39.1 MiB,0 B,0 B
2026-06-04 19:02:00,1.68 GiB,39.1 MiB,0 B,0 B
2026-06-04 19:02:30,1.68 GiB,39.1 MiB,0 B,0 B
2026-06-04 19:03:00,1.68 GiB,39.1 MiB,0 B,0 B
2026-06-04 19:03:30,1.68 GiB,39.1 MiB,0 B,0 B
2026-06-04 19:04:00,1.68 GiB,39.1 MiB,0 B,0 B
2026-06-04 19:04:30,1.68 GiB,39.1 MiB,0 B,0 B
2026-06-04 19:05:00,1.68 GiB,39.1 MiB,0 B,0 B
2026-06-04 19:05:30,1.68 GiB,39.1 MiB,0 B,0 B
2026-06-04 19:06:00,1.68 GiB,39.1 MiB,0 B,0 B
2026-06-04 19:06:30,1.68 GiB,39.1 MiB,0 B,0 B
2026-06-04 19:07:00,1.68 GiB,39.1 MiB,0 B,0 B
2026-06-04 19:07:30,1.68 GiB,39.1 MiB,0 B,0 B
2026-06-04 19:08:00,1.68 GiB,39.1 MiB,0 B,0 B
2026-06-04 19:08:30,1.68 GiB,39.1 MiB,0 B,0 B
2026-06-04 19:09:00,1.68 GiB,39.1 MiB,0 B,0 B
2026-06-04 19:09:30,1.68 GiB,39.1 MiB,0 B,0 B
2026-06-04 19:10:00,1.68 GiB,39.1 MiB,0 B,0 B
2026-06-04 19:10:30,1.68 GiB,39.1 MiB,0 B,0 B
2026-06-04 19:11:00,1.68 GiB,39.1 MiB,0 B,0 B
2026-06-04 19:11:30,1.68 GiB,39.1 MiB,0 B,0 B
2026-06-04 19:12:00,1.68 GiB,39.1 MiB,0 B,0 B
2026-06-04 19:12:30,1.68 GiB,39.1 MiB,0 B,0 B
2026-06-04 19:13:00,1.68 GiB,39.1 MiB,0 B,0 B
2026-06-04 19:13:30,1.68 GiB,39.1 MiB,0 B,0 B
2026-06-04 19:14:00,1.68 GiB,39.1 MiB,0 B,0 B
2026-06-04 19:14:30,1.68 GiB,39.1 MiB,0 B,0 B
2026-06-04 19:15:00,1.68 GiB,39.1 MiB,0 B,0 B
2026-06-04 19:15:30,1.68 GiB,39.1 MiB,0 B,0 B
2026-06-04 19:16:00,1.68 GiB,39.1 MiB,0 B,0 B
2026-06-04 19:16:30,1.68 GiB,39.1 MiB,0 B,0 B
2026-06-04 19:17:00,1.68 GiB,39.1 MiB,0 B,0 B
2026-06-04 19:17:30,1.68 GiB,39.1 MiB,0 B,0 B
2026-06-04 19:18:00,1.68 GiB,39.1 MiB,0 B,0 B
2026-06-04 19:18:30,1.68 GiB,39.1 MiB,0 B,0 B
2026-06-04 19:19:00,1.68 GiB,47.1 MiB,0 B,0 B
2026-06-04 19:19:30,1.68 GiB,47.1 MiB,0 B,0 B
2026-06-04 19:20:00,1.68 GiB,47.1 MiB,0 B,0 B
2026-06-04 19:20:30,1.68 GiB,47.1 MiB,0 B,0 B
2026-06-04 19:21:00,1.68 GiB,47.1 MiB,0 B,0 B
2026-06-04 19:21:30,1.68 GiB,47.1 MiB,0 B,0 B
2026-06-04 19:22:00,1.68 GiB,47.1 MiB,0 B,0 B
2026-06-04 19:22:30,1.68 GiB,47.1 MiB,0 B,0 B
2026-06-04 19:23:00,1.68 GiB,47.1 MiB,0 B,0 B
2026-06-04 19:23:30,1.68 GiB,47.1 MiB,0 B,0 B
2026-06-04 19:24:00,1.68 GiB,47.1 MiB,0 B,0 B
2026-06-04 19:24:30,1.68 GiB,47.1 MiB,0 B,0 B
2026-06-04 19:25:00,1.68 GiB,47.1 MiB,0 B,0 B
2026-06-04 19:25:30,1.68 GiB,47.1 MiB,0 B,0 B
2026-06-04 19:26:00,1.68 GiB,47.1 MiB,0 B,0 B
2026-06-04 19:26:30,1.68 GiB,47.1 MiB,0 B,0 B
2026-06-04 19:27:00,1.68 GiB,47.1 MiB,0 B,0 B
2026-06-04 19:27:30,1.68 GiB,47.1 MiB,0 B,0 B
2026-06-04 19:28:00,1.68 GiB,47.1 MiB,0 B,0 B
2026-06-04 19:28:30,1.68 GiB,47.1 MiB,0 B,0 B
2026-06-04 19:29:00,1.68 GiB,47.1 MiB,0 B,0 B
2026-06-04 19:29:30,1.68 GiB,47.1 MiB,0 B,0 B
2026-06-04 19:30:00,1.68 GiB,47.1 MiB,0 B,0 B
2026-06-04 19:30:30,1.68 GiB,47.1 MiB,0 B,0 B
2026-06-04 19:31:00,1.68 GiB,47.1 MiB,0 B,0 B
2026-06-04 19:31:30,1.68 GiB,47.2 MiB,0 B,0 B
2026-06-04 19:32:00,1.68 GiB,47.2 MiB,0 B,0 B
2026-06-04 19:32:30,1.68 GiB,47.2 MiB,0 B,0 B
2026-06-04 19:33:00,1.68 GiB,47.2 MiB,0 B,0 B
2026-06-04 19:33:30,1.68 GiB,47.2 MiB,0 B,0 B
2026-06-04 19:34:00,1.68 GiB,47.2 MiB,0 B,0 B
2026-06-04 19:34:30,1.68 GiB,47.2 MiB,0 B,0 B
2026-06-04 19:35:00,1.68 GiB,47.2 MiB,0 B,0 B
2026-06-04 19:35:30,1.68 GiB,47.2 MiB,0 B,0 B
2026-06-04 19:36:00,1.68 GiB,47.2 MiB,0 B,0 B
2026-06-04 19:36:30,1.68 GiB,47.2 MiB,0 B,0 B
2026-06-04 19:37:00,1.68 GiB,47.2 MiB,0 B,0 B
2026-06-04 19:37:30,1.68 GiB,47.2 MiB,0 B,0 B
2026-06-04 19:38:00,1.68 GiB,47.2 MiB,0 B,0 B
2026-06-04 19:38:30,1.68 GiB,47.2 MiB,0 B,0 B
2026-06-04 19:39:00,1.68 GiB,47.2 MiB,0 B,0 B
2026-06-04 19:39:30,1.68 GiB,47.2 MiB,0 B,0 B
2026-06-04 19:40:00,1.68 GiB,47.2 MiB,0 B,0 B
2026-06-04 19:40:30,1.68 GiB,47.2 MiB,0 B,0 B
2026-06-04 19:41:00,1.68 GiB,47.2 MiB,0 B,0 B
2026-06-04 19:41:30,1.68 GiB,47.2 MiB,0 B,0 B
2026-06-04 19:42:00,1.68 GiB,47.2 MiB,0 B,0 B
2026-06-04 19:42:30,1.68 GiB,47.2 MiB,0 B,0 B
2026-06-04 19:43:00,1.68 GiB,47.2 MiB,0 B,0 B
2026-06-04 19:43:30,1.68 GiB,47.2 MiB,0 B,0 B
2026-06-04 19:44:00,1.68 GiB,47.2 MiB,0 B,0 B
2026-06-04 19:44:30,1.68 GiB,47.2 MiB,0 B,0 B
2026-06-04 19:45:00,1.68 GiB,47.2 MiB,0 B,0 B
2026-06-04 19:45:30,1.68 GiB,47.2 MiB,0 B,0 B
2026-06-04 19:46:00,1.68 GiB,47.2 MiB,0 B,0 B
2026-06-04 19:46:30,1.68 GiB,47.2 MiB,0 B,0 B
2026-06-04 19:47:00,1.68 GiB,47.2 MiB,0 B,0 B
2026-06-04 19:47:30,1.68 GiB,47.2 MiB,0 B,0 B
2026-06-04 19:48:00,1.68 GiB,47.2 MiB,0 B,0 B
2026-06-04 19:48:30,1.68 GiB,47.2 MiB,0 B,0 B
2026-06-04 19:49:00,1.68 GiB,47.2 MiB,0 B,0 B
2026-06-04 19:49:30,1.68 GiB,47.2 MiB,0 B,0 B
2026-06-04 19:50:00,1.68 GiB,47.2 MiB,0 B,0 B
2026-06-04 19:50:30,1.68 GiB,47.2 MiB,0 B,0 B
2026-06-04 19:51:00,1.68 GiB,47.2 MiB,0 B,0 B
2026-06-04 19:51:30,1.68 GiB,47.2 MiB,0 B,0 B
2026-06-04 19:52:00,1.68 GiB,47.2 MiB,0 B,0 B
2026-06-04 19:52:30,1.68 GiB,47.2 MiB,0 B,0 B
2026-06-04 19:53:00,1.68 GiB,47.2 MiB,0 B,0 B
2026-06-04 19:53:30,1.68 GiB,47.2 MiB,0 B,0 B
2026-06-04 19:54:00,1.68 GiB,47.2 MiB,0 B,0 B
2026-06-04 19:54:30,1.68 GiB,47.2 MiB,0 B,0 B
2026-06-04 19:55:00,1.68 GiB,47.2 MiB,0 B,0 B
2026-06-04 19:55:30,1.68 GiB,47.2 MiB,0 B,0 B
2026-06-04 19:56:00,1.58 GiB,73.2 MiB,0 B,0 B
2026-06-04 19:56:30,1.37 GiB,73.2 MiB,0 B,0 B
2026-06-04 19:57:00,1.50 GiB,51.0 MiB,0 B,0 B
2026-06-04 19:57:30,1.51 GiB,56.0 MiB,0 B,0 B
2026-06-04 19:58:00,1.54 GiB,58.5 MiB,0 B,0 B
2026-06-04 19:58:30,1.53 GiB,58.7 MiB,0 B,0 B
2026-06-04 19:59:00,1.52 GiB,59.0 MiB,0 B,0 B
2026-06-04 19:59:30,1.54 GiB,59.1 MiB,0 B,0 B
2026-06-04 20:00:00,1.53 GiB,59.4 MiB,0 B,0 B
2026-06-04 20:00:30,1.55 GiB,59.4 MiB,0 B,0 B
2026-06-04 20:01:00,1.55 GiB,59.5 MiB,0 B,0 B
2026-06-04 20:01:30,1.55 GiB,59.5 MiB,0 B,0 B
2026-06-04 20:02:00,1.56 GiB,59.7 MiB,0 B,0 B
2026-06-04 20:02:30,1.57 GiB,59.8 MiB,0 B,0 B
2026-06-04 20:03:00,1.57 GiB,59.8 MiB,0 B,0 B
2026-06-04 20:03:30,1.57 GiB,59.8 MiB,0 B,0 B
2026-06-04 20:04:00,1.57 GiB,59.8 MiB,0 B,0 B
2026-06-04 20:04:30,1.57 GiB,59.9 MiB,0 B,0 B
2026-06-04 20:05:00,1.57 GiB,59.9 MiB,0 B,0 B
2026-06-04 20:05:30,1.57 GiB,59.9 MiB,0 B,0 B
2026-06-04 20:06:00,1.57 GiB,59.9 MiB,0 B,0 B
2026-06-04 20:06:30,1.57 GiB,59.9 MiB,0 B,0 B
2026-06-04 20:07:00,1.57 GiB,59.9 MiB,0 B,0 B
2026-06-04 20:07:30,1.57 GiB,59.9 MiB,0 B,0 B
2026-06-04 20:08:00,1.57 GiB,59.9 MiB,0 B,0 B
2026-06-04 20:08:30,1.57 GiB,59.9 MiB,0 B,0 B
2026-06-04 20:09:00,1.57 GiB,59.9 MiB,0 B,0 B
2026-06-04 20:09:30,1.57 GiB,59.9 MiB,0 B,0 B
2026-06-04 20:10:00,1.57 GiB,59.9 MiB,0 B,0 B
2026-06-04 20:10:30,1.57 GiB,59.9 MiB,0 B,0 B
2026-06-04 20:11:00,1.57 GiB,59.9 MiB,0 B,0 B
2026-06-04 20:11:30,1.57 GiB,59.9 MiB,0 B,0 B
2026-06-04 20:12:00,1.57 GiB,59.9 MiB,0 B,0 B
2026-06-04 20:12:30,1.57 GiB,59.9 MiB,0 B,0 B
2026-06-04 20:13:00,1.58 GiB,59.9 MiB,0 B,0 B
2026-06-04 20:13:30,1.58 GiB,59.9 MiB,0 B,0 B
2026-06-04 20:14:00,1.57 GiB,60.0 MiB,0 B,0 B
2026-06-04 20:14:30,1.57 GiB,60.0 MiB,0 B,0 B
2026-06-04 20:15:00,1.58 GiB,60.0 MiB,0 B,0 B
2026-06-04 20:15:30,1.58 GiB,60.0 MiB,0 B,0 B
2026-06-04 20:16:00,1.58 GiB,60.0 MiB,0 B,0 B
2026-06-04 20:16:30,1.58 GiB,60.0 MiB,0 B,0 B
2026-06-04 20:17:00,1.57 GiB,60.0 MiB,0 B,0 B
2026-06-04 20:17:30,1.58 GiB,60.0 MiB,0 B,0 B
2026-06-04 20:18:00,1.57 GiB,60.0 MiB,0 B,0 B
2026-06-04 20:18:30,1.58 GiB,60 MiB,0 B,0 B
2026-06-04 20:19:00,1.58 GiB,60 MiB,0 B,0 B
2026-06-04 20:19:30,1.58 GiB,60 MiB,0 B,0 B
2026-06-04 20:20:00,1.58 GiB,60 MiB,0 B,0 B
2026-06-04 20:20:30,1.58 GiB,60.0 MiB,0 B,0 B
2026-06-04 20:21:00,1.57 GiB,60.0 MiB,0 B,0 B
2026-06-04 20:21:30,1.58 GiB,60.0 MiB,0 B,0 B
2026-06-04 20:22:00,1.58 GiB,60.0 MiB,0 B,0 B
2026-06-04 20:22:30,1.58 GiB,60.0 MiB,0 B,0 B
2026-06-04 20:23:00,1.58 GiB,60.0 MiB,0 B,0 B
2026-06-04 20:23:30,1.58 GiB,60.0 MiB,0 B,0 B
2026-06-04 20:24:00,1.58 GiB,60.0 MiB,0 B,0 B
2026-06-04 20:24:30,1.58 GiB,60.0 MiB,0 B,0 B
2026-06-04 20:25:00,1.58 GiB,60.0 MiB,0 B,0 B
2026-06-04 20:25:30,1.58 GiB,60.0 MiB,0 B,0 B
2026-06-04 20:26:00,1.57 GiB,49.1 MiB,0 B,0 B
2026-06-04 20:26:30,1.57 GiB,49.1 MiB,0 B,0 B
2026-06-04 20:27:00,1.57 GiB,49.1 MiB,0 B,0 B
2026-06-04 20:27:30,1.57 GiB,49.1 MiB,0 B,0 B
2026-06-04 20:28:00,1.57 GiB,49.1 MiB,0 B,0 B
2026-06-04 20:28:30,1.57 GiB,49.1 MiB,0 B,0 B
2026-06-04 20:29:00,1.57 GiB,49.1 MiB,0 B,0 B
2026-06-04 20:29:30,1.57 GiB,49.1 MiB,0 B,0 B
2026-06-04 20:30:00,1.57 GiB,49.1 MiB,0 B,0 B
2026-06-04 20:30:30,1.57 GiB,49.1 MiB,0 B,0 B
2026-06-04 20:31:00,1.57 GiB,49.1 MiB,0 B,0 B
2026-06-04 20:31:30,1.57 GiB,49.1 MiB,0 B,0 B
2026-06-04 20:32:00,1.57 GiB,49.1 MiB,0 B,0 B
2026-06-04 20:32:30,1.57 GiB,49.1 MiB,0 B,0 B
2026-06-04 20:33:00,1.57 GiB,49.1 MiB,0 B,0 B
2026-06-04 20:33:30,1.57 GiB,49.1 MiB,0 B,0 B
2026-06-04 20:34:00,1.57 GiB,49.1 MiB,0 B,0 B
2026-06-04 20:34:30,1.57 GiB,49.1 MiB,0 B,0 B
2026-06-04 20:35:00,1.57 GiB,49.1 MiB,0 B,0 B
2026-06-04 20:35:30,1.57 GiB,49.1 MiB,0 B,0 B
2026-06-04 20:36:00,1.57 GiB,49.1 MiB,0 B,0 B
2026-06-04 20:36:30,1.57 GiB,49.1 MiB,0 B,0 B
2026-06-04 20:37:00,1.57 GiB,49.1 MiB,0 B,0 B
2026-06-04 20:37:30,1.57 GiB,49.1 MiB,0 B,0 B
2026-06-04 20:38:00,1.57 GiB,49.1 MiB,0 B,0 B
2026-06-04 20:38:30,1.57 GiB,49.1 MiB,0 B,0 B
2026-06-04 20:39:00,1.57 GiB,49.1 MiB,0 B,0 B
2026-06-04 20:39:30,1.57 GiB,49.1 MiB,0 B,0 B
2026-06-04 20:40:00,1.57 GiB,49.1 MiB,0 B,0 B
2026-06-04 20:40:30,1.57 GiB,49.1 MiB,0 B,0 B
2026-06-04 20:41:00,1.57 GiB,49.1 MiB,0 B,0 B
2026-06-04 20:41:30,1.57 GiB,49.1 MiB,0 B,0 B
2026-06-04 20:42:00,1.57 GiB,49.1 MiB,0 B,0 B
2026-06-04 20:42:30,1.57 GiB,49.1 MiB,0 B,0 B
2026-06-04 20:43:00,1.57 GiB,49.1 MiB,0 B,0 B
2026-06-04 20:43:30,1.57 GiB,49.1 MiB,0 B,0 B
2026-06-04 20:44:00,1.57 GiB,49.1 MiB,0 B,0 B
2026-06-04 20:44:30,1.57 GiB,49.1 MiB,0 B,0 B
2026-06-04 20:45:00,1.57 GiB,49.1 MiB,0 B,0 B
2026-06-04 20:45:30,1.57 GiB,49.1 MiB,0 B,0 B
2026-06-04 20:46:00,1.57 GiB,49.1 MiB,0 B,0 B
2026-06-04 20:46:30,1.57 GiB,49.1 MiB,0 B,0 B
2026-06-04 20:47:00,1.57 GiB,49.1 MiB,0 B,0 B
2026-06-04 20:47:30,1.57 GiB,49.1 MiB,0 B,0 B
2026-06-04 20:48:00,1.57 GiB,49.1 MiB,0 B,0 B
2026-06-04 20:48:30,1.57 GiB,49.1 MiB,0 B,0 B
2026-06-04 20:49:00,1.57 GiB,49.1 MiB,0 B,0 B
2026-06-04 20:49:30,1.57 GiB,49.1 MiB,0 B,0 B
2026-06-04 20:50:00,1.57 GiB,49.1 MiB,0 B,0 B
2026-06-04 20:50:30,1.57 GiB,49.1 MiB,0 B,0 B
2026-06-04 20:51:00,1.57 GiB,49.1 MiB,0 B,0 B
2026-06-04 20:51:30,1.57 GiB,49.1 MiB,0 B,0 B
2026-06-04 20:52:00,1.57 GiB,49.1 MiB,0 B,0 B
2026-06-04 20:52:30,1.57 GiB,49.1 MiB,0 B,0 B
2026-06-04 20:53:00,1.57 GiB,49.1 MiB,0 B,0 B
2026-06-04 20:53:30,1.57 GiB,49.1 MiB,0 B,0 B
2026-06-04 20:54:00,1.57 GiB,49.1 MiB,0 B,0 B
2026-06-04 20:54:30,1.57 GiB,49.1 MiB,0 B,0 B
2026-06-04 20:55:00,1.57 GiB,49.1 MiB,0 B,0 B
2026-06-04 20:55:30,1.57 GiB,49.1 MiB,0 B,0 B
2026-06-04 20:56:00,1.57 GiB,49.1 MiB,0 B,0 B
2026-06-04 20:56:30,1.57 GiB,49.1 MiB,0 B,0 B
2026-06-04 20:57:00,1.57 GiB,49.1 MiB,0 B,0 B
2026-06-04 20:57:30,1.57 GiB,49.1 MiB,0 B,0 B
2026-06-04 20:58:00,1.57 GiB,49.2 MiB,0 B,0 B
2026-06-04 20:58:30,1.57 GiB,49.2 MiB,0 B,0 B
2026-06-04 20:59:00,1.57 GiB,49.2 MiB,0 B,0 B
2026-06-04 20:59:30,1.57 GiB,49.2 MiB,0 B,0 B
2026-06-04 21:00:00,1.57 GiB,49.2 MiB,0 B,0 B
2026-06-04 21:00:30,1.58 GiB,49.2 MiB,0 B,0 B
2026-06-04 21:01:00,1.58 GiB,49.2 MiB,0 B,0 B
2026-06-04 21:01:30,1.58 GiB,49.2 MiB,0 B,0 B
2026-06-04 21:02:00,1.58 GiB,49.2 MiB,0 B,0 B
2026-06-04 21:02:30,1.58 GiB,49.2 MiB,0 B,0 B
2026-06-04 21:03:00,1.58 GiB,49.2 MiB,0 B,0 B
2026-06-04 21:03:30,1.58 GiB,49.2 MiB,0 B,0 B
2026-06-04 21:04:00,1.58 GiB,49.2 MiB,0 B,0 B
2026-06-04 21:04:30,1.58 GiB,49.2 MiB,0 B,0 B
2026-06-04 21:05:00,1.58 GiB,49.2 MiB,0 B,0 B
2026-06-04 21:05:30,1.58 GiB,49.2 MiB,0 B,0 B
2026-06-04 21:06:00,1.58 GiB,49.2 MiB,0 B,0 B
2026-06-04 21:06:30,1.58 GiB,49.2 MiB,0 B,0 B
2026-06-04 21:07:00,1.58 GiB,49.2 MiB,0 B,0 B
2026-06-04 21:07:30,1.58 GiB,49.2 MiB,0 B,0 B
2026-06-04 21:08:00,1.58 GiB,49.2 MiB,0 B,0 B
2026-06-04 21:08:30,1.58 GiB,49.2 MiB,0 B,0 B
2026-06-04 21:09:00,1.58 GiB,49.2 MiB,0 B,0 B
2026-06-04 21:09:30,1.59 GiB,49.2 MiB,0 B,0 B
2026-06-04 21:10:00,1.58 GiB,49.2 MiB,0 B,0 B
2026-06-04 21:10:30,1.58 GiB,49.2 MiB,0 B,0 B
2026-06-04 21:11:00,1.58 GiB,49.2 MiB,0 B,0 B
2026-06-04 21:11:30,1.58 GiB,49.2 MiB,0 B,0 B
2026-06-04 21:12:00,1.58 GiB,49.2 MiB,0 B,0 B
2026-06-04 21:12:30,1.58 GiB,49.2 MiB,0 B,0 B
2026-06-04 21:13:00,1.58 GiB,49.2 MiB,0 B,0 B
2026-06-04 21:13:30,1.58 GiB,49.2 MiB,0 B,0 B
2026-06-04 21:14:00,1.58 GiB,49.2 MiB,0 B,0 B
2026-06-04 21:14:30,1.58 GiB,49.2 MiB,0 B,0 B
2026-06-04 21:15:00,1.58 GiB,49.2 MiB,0 B,0 B
2026-06-04 21:15:30,1.58 GiB,49.2 MiB,0 B,0 B
2026-06-04 21:16:00,1.58 GiB,49.2 MiB,0 B,0 B
2026-06-04 21:16:30,1.58 GiB,49.2 MiB,0 B,0 B
2026-06-04 21:17:00,1.58 GiB,49.2 MiB,0 B,0 B
2026-06-04 21:17:30,1.58 GiB,49.2 MiB,0 B,0 B
2026-06-04 21:18:00,1.58 GiB,49.2 MiB,0 B,0 B
2026-06-04 21:18:30,1.58 GiB,49.2 MiB,0 B,0 B
2026-06-04 21:19:00,1.59 GiB,49.2 MiB,0 B,0 B
2026-06-04 21:19:30,1.59 GiB,49.2 MiB,0 B,0 B
2026-06-04 21:20:00,1.59 GiB,49.2 MiB,0 B,0 B
2026-06-04 21:20:30,1.59 GiB,49.2 MiB,0 B,0 B
2026-06-04 21:21:00,1.59 GiB,49.2 MiB,0 B,0 B
2026-06-04 21:21:30,1.59 GiB,49.2 MiB,0 B,0 B
2026-06-04 21:22:00,1.59 GiB,49.2 MiB,0 B,0 B
2026-06-04 21:22:30,1.59 GiB,49.2 MiB,0 B,0 B
2026-06-04 21:23:00,1.59 GiB,49.2 MiB,0 B,0 B
2026-06-04 21:23:30,1.59 GiB,49.2 MiB,0 B,0 B
2026-06-04 21:24:00,1.59 GiB,49.2 MiB,0 B,0 B
2026-06-04 21:24:30,1.59 GiB,49.2 MiB,0 B,0 B
2026-06-04 21:25:00,1.59 GiB,49.2 MiB,0 B,0 B
2026-06-04 21:25:30,1.59 GiB,49.2 MiB,0 B,0 B