"Time","Inactive_file - File-backed memory on inactive LRU list","Inactive_anon – Anonymous memory on inactive LRU (incl. tmpfs & swap cache)","Active_file - File-backed memory on active LRU list","Active_anon – Anonymous memory on active LRU (incl. tmpfs & swap cache)"
2026-06-04 15:40:30,2.49 GiB,2.28 GiB,660 MiB,8.80 MiB
2026-06-04 15:41:00,2.53 GiB,2.50 GiB,662 MiB,10.1 MiB
2026-06-04 15:41:30,2.53 GiB,2.52 GiB,663 MiB,10.3 MiB
2026-06-04 15:42:00,2.53 GiB,2.55 GiB,663 MiB,10.4 MiB
2026-06-04 15:42:30,2.53 GiB,2.57 GiB,664 MiB,10.5 MiB
2026-06-04 15:43:00,2.53 GiB,2.57 GiB,664 MiB,10.6 MiB
2026-06-04 15:43:30,2.53 GiB,2.58 GiB,664 MiB,10.6 MiB
2026-06-04 15:44:00,2.53 GiB,2.70 GiB,664 MiB,10.7 MiB
2026-06-04 15:44:30,2.53 GiB,2.69 GiB,664 MiB,10.7 MiB
2026-06-04 15:45:00,2.54 GiB,2.71 GiB,665 MiB,10.7 MiB
2026-06-04 15:45:30,2.54 GiB,2.73 GiB,665 MiB,10.8 MiB
2026-06-04 15:46:00,2.54 GiB,2.73 GiB,665 MiB,10.8 MiB
2026-06-04 15:46:30,2.54 GiB,2.76 GiB,666 MiB,10.8 MiB
2026-06-04 15:47:00,2.54 GiB,2.62 GiB,666 MiB,10.8 MiB
2026-06-04 15:47:30,2.54 GiB,2.70 GiB,666 MiB,10.8 MiB
2026-06-04 15:48:00,2.54 GiB,2.70 GiB,666 MiB,10.8 MiB
2026-06-04 15:48:30,2.54 GiB,2.70 GiB,666 MiB,10.8 MiB
2026-06-04 15:49:00,2.54 GiB,2.72 GiB,667 MiB,10.8 MiB
2026-06-04 15:49:30,2.55 GiB,2.69 GiB,667 MiB,10.8 MiB
2026-06-04 15:50:00,2.54 GiB,2.70 GiB,669 MiB,10.8 MiB
2026-06-04 15:50:30,2.54 GiB,2.69 GiB,669 MiB,10.8 MiB
2026-06-04 15:51:00,2.54 GiB,2.64 GiB,669 MiB,10.8 MiB
2026-06-04 15:51:30,2.55 GiB,2.57 GiB,670 MiB,10.8 MiB
2026-06-04 15:52:00,2.55 GiB,2.55 GiB,670 MiB,10.8 MiB
2026-06-04 15:52:30,2.55 GiB,2.55 GiB,670 MiB,10.8 MiB
2026-06-04 15:53:00,2.55 GiB,2.55 GiB,670 MiB,10.8 MiB
2026-06-04 15:53:30,2.55 GiB,2.47 GiB,671 MiB,10.8 MiB
2026-06-04 15:54:00,2.55 GiB,2.47 GiB,671 MiB,10.8 MiB
2026-06-04 15:54:30,2.55 GiB,2.47 GiB,671 MiB,10.8 MiB
2026-06-04 15:55:00,2.55 GiB,2.52 GiB,671 MiB,10.8 MiB
2026-06-04 15:55:30,2.55 GiB,2.52 GiB,671 MiB,10.8 MiB
2026-06-04 15:56:00,2.55 GiB,2.52 GiB,671 MiB,10.8 MiB
2026-06-04 15:56:30,2.55 GiB,2.52 GiB,672 MiB,10.8 MiB
2026-06-04 15:57:00,2.55 GiB,2.43 GiB,672 MiB,10.8 MiB
2026-06-04 15:57:30,2.55 GiB,2.44 GiB,672 MiB,10.8 MiB
2026-06-04 15:58:00,2.55 GiB,2.43 GiB,672 MiB,10.8 MiB
2026-06-04 15:58:30,2.55 GiB,2.44 GiB,672 MiB,10.8 MiB
2026-06-04 15:59:00,2.55 GiB,2.44 GiB,672 MiB,10.8 MiB
2026-06-04 15:59:30,2.55 GiB,2.45 GiB,672 MiB,10.8 MiB
2026-06-04 16:00:00,2.55 GiB,2.47 GiB,673 MiB,10.8 MiB
2026-06-04 16:00:30,2.55 GiB,2.46 GiB,673 MiB,10.9 MiB
2026-06-04 16:01:00,2.56 GiB,2.47 GiB,673 MiB,10.9 MiB
2026-06-04 16:01:30,2.56 GiB,2.47 GiB,673 MiB,10.9 MiB
2026-06-04 16:02:00,2.56 GiB,2.47 GiB,673 MiB,10.8 MiB
2026-06-04 16:02:30,2.56 GiB,2.48 GiB,673 MiB,10.8 MiB
2026-06-04 16:03:00,2.56 GiB,2.51 GiB,674 MiB,10.8 MiB
2026-06-04 16:03:30,2.56 GiB,2.51 GiB,674 MiB,10.8 MiB
2026-06-04 16:04:00,2.56 GiB,2.51 GiB,674 MiB,10.8 MiB
2026-06-04 16:04:30,2.56 GiB,2.49 GiB,675 MiB,10.8 MiB
2026-06-04 16:05:00,2.57 GiB,2.49 GiB,675 MiB,10.8 MiB
2026-06-04 16:05:30,2.57 GiB,2.50 GiB,675 MiB,10.8 MiB
2026-06-04 16:06:00,2.57 GiB,2.49 GiB,675 MiB,10.8 MiB
2026-06-04 16:06:30,2.57 GiB,2.50 GiB,675 MiB,10.9 MiB
2026-06-04 16:07:00,2.57 GiB,2.49 GiB,676 MiB,10.9 MiB
2026-06-04 16:07:30,2.57 GiB,2.49 GiB,676 MiB,10.8 MiB
2026-06-04 16:08:00,2.57 GiB,2.49 GiB,676 MiB,10.9 MiB
2026-06-04 16:08:30,2.57 GiB,2.49 GiB,676 MiB,10.9 MiB
2026-06-04 16:09:00,2.57 GiB,2.49 GiB,676 MiB,10.9 MiB
2026-06-04 16:09:30,2.57 GiB,2.43 GiB,676 MiB,10.9 MiB
2026-06-04 16:10:00,2.57 GiB,2.47 GiB,677 MiB,10.9 MiB
2026-06-04 16:10:30,2.57 GiB,2.48 GiB,677 MiB,10.9 MiB
2026-06-04 16:11:00,2.57 GiB,2.48 GiB,677 MiB,10.9 MiB
2026-06-04 16:11:30,2.57 GiB,2.48 GiB,677 MiB,10.9 MiB
2026-06-04 16:12:00,2.57 GiB,2.49 GiB,677 MiB,10.9 MiB
2026-06-04 16:12:30,2.57 GiB,2.48 GiB,678 MiB,10.9 MiB
2026-06-04 16:13:00,2.57 GiB,2.49 GiB,678 MiB,10.9 MiB
2026-06-04 16:13:30,2.57 GiB,2.49 GiB,678 MiB,10.9 MiB
2026-06-04 16:14:00,2.57 GiB,2.50 GiB,678 MiB,10.9 MiB
2026-06-04 16:14:30,2.58 GiB,2.50 GiB,678 MiB,10.9 MiB
2026-06-04 16:15:00,2.58 GiB,2.49 GiB,678 MiB,10.9 MiB
2026-06-04 16:15:30,2.58 GiB,2.50 GiB,678 MiB,10.9 MiB
2026-06-04 16:16:00,2.58 GiB,2.49 GiB,679 MiB,10.9 MiB
2026-06-04 16:16:30,2.58 GiB,2.50 GiB,679 MiB,10.9 MiB
2026-06-04 16:17:00,2.58 GiB,2.50 GiB,679 MiB,10.9 MiB
2026-06-04 16:17:30,2.58 GiB,2.51 GiB,679 MiB,10.9 MiB
2026-06-04 16:18:00,2.58 GiB,2.48 GiB,679 MiB,10.9 MiB
2026-06-04 16:18:30,2.58 GiB,2.49 GiB,679 MiB,10.9 MiB
2026-06-04 16:19:00,2.58 GiB,2.49 GiB,679 MiB,10.9 MiB
2026-06-04 16:19:30,2.58 GiB,2.50 GiB,680 MiB,10.9 MiB
2026-06-04 16:20:00,2.58 GiB,2.53 GiB,680 MiB,10.9 MiB
2026-06-04 16:20:30,2.58 GiB,2.53 GiB,681 MiB,10.9 MiB
2026-06-04 16:21:00,2.58 GiB,2.53 GiB,681 MiB,10.9 MiB
2026-06-04 16:21:30,2.58 GiB,2.53 GiB,681 MiB,10.9 MiB
2026-06-04 16:22:00,2.58 GiB,2.52 GiB,681 MiB,10.9 MiB
2026-06-04 16:22:30,2.58 GiB,2.49 GiB,681 MiB,10.9 MiB
2026-06-04 16:23:00,2.59 GiB,2.48 GiB,682 MiB,10.9 MiB
2026-06-04 16:23:30,2.59 GiB,2.48 GiB,682 MiB,10.9 MiB
2026-06-04 16:24:00,2.59 GiB,2.48 GiB,682 MiB,10.9 MiB
2026-06-04 16:24:30,2.59 GiB,2.48 GiB,682 MiB,10.9 MiB
2026-06-04 16:25:00,2.59 GiB,2.53 GiB,682 MiB,10.9 MiB
2026-06-04 16:25:30,2.59 GiB,2.54 GiB,682 MiB,10.9 MiB
2026-06-04 16:26:00,2.59 GiB,2.53 GiB,683 MiB,10.9 MiB
2026-06-04 16:26:30,2.59 GiB,2.54 GiB,683 MiB,10.9 MiB
2026-06-04 16:27:00,2.59 GiB,2.53 GiB,683 MiB,10.9 MiB
2026-06-04 16:27:30,2.59 GiB,2.53 GiB,683 MiB,10.9 MiB
2026-06-04 16:28:00,2.59 GiB,2.53 GiB,683 MiB,10.9 MiB
2026-06-04 16:28:30,2.59 GiB,2.53 GiB,683 MiB,10.9 MiB
2026-06-04 16:29:00,2.59 GiB,2.53 GiB,684 MiB,10.9 MiB
2026-06-04 16:29:30,2.59 GiB,2.52 GiB,684 MiB,10.9 MiB
2026-06-04 16:30:00,2.59 GiB,2.59 GiB,684 MiB,10.9 MiB
2026-06-04 16:30:30,2.59 GiB,2.60 GiB,684 MiB,10.9 MiB
2026-06-04 16:31:00,2.59 GiB,2.63 GiB,684 MiB,10.9 MiB
2026-06-04 16:31:30,2.59 GiB,2.64 GiB,684 MiB,10.9 MiB
2026-06-04 16:32:00,2.60 GiB,2.66 GiB,685 MiB,10.9 MiB
2026-06-04 16:32:30,2.60 GiB,2.64 GiB,685 MiB,10.9 MiB
2026-06-04 16:33:00,2.60 GiB,2.68 GiB,685 MiB,10.9 MiB
2026-06-04 16:33:30,2.60 GiB,2.69 GiB,685 MiB,10.9 MiB
2026-06-04 16:34:00,2.60 GiB,2.70 GiB,685 MiB,10.9 MiB
2026-06-04 16:34:30,2.60 GiB,2.72 GiB,685 MiB,10.9 MiB
2026-06-04 16:35:00,2.60 GiB,2.63 GiB,685 MiB,10.9 MiB
2026-06-04 16:35:30,2.60 GiB,2.64 GiB,686 MiB,10.9 MiB
2026-06-04 16:36:00,2.60 GiB,2.63 GiB,686 MiB,10.9 MiB
2026-06-04 16:36:30,2.60 GiB,2.68 GiB,686 MiB,10.9 MiB
2026-06-04 16:37:00,2.60 GiB,2.59 GiB,687 MiB,10.9 MiB
2026-06-04 16:37:30,2.60 GiB,2.61 GiB,687 MiB,10.9 MiB
2026-06-04 16:38:00,2.60 GiB,2.61 GiB,687 MiB,10.9 MiB
2026-06-04 16:38:30,2.60 GiB,2.60 GiB,687 MiB,10.9 MiB
2026-06-04 16:39:00,2.60 GiB,2.58 GiB,687 MiB,10.9 MiB
2026-06-04 16:39:30,2.60 GiB,2.55 GiB,688 MiB,10.9 MiB
2026-06-04 16:40:00,2.61 GiB,2.56 GiB,688 MiB,10.9 MiB
2026-06-04 16:40:30,2.61 GiB,2.55 GiB,688 MiB,10.9 MiB
2026-06-04 16:41:00,2.61 GiB,2.56 GiB,688 MiB,10.9 MiB
2026-06-04 16:41:30,2.61 GiB,2.53 GiB,688 MiB,10.9 MiB
2026-06-04 16:42:00,2.61 GiB,2.53 GiB,688 MiB,10.9 MiB
2026-06-04 16:42:30,2.61 GiB,2.54 GiB,689 MiB,10.9 MiB
2026-06-04 16:43:00,2.61 GiB,2.53 GiB,689 MiB,10.9 MiB
2026-06-04 16:43:30,2.61 GiB,2.50 GiB,689 MiB,10.9 MiB
2026-06-04 16:44:00,2.61 GiB,2.50 GiB,689 MiB,10.9 MiB
2026-06-04 16:44:30,2.61 GiB,2.50 GiB,689 MiB,10.9 MiB
2026-06-04 16:45:00,2.61 GiB,2.66 GiB,689 MiB,10.9 MiB
2026-06-04 16:45:30,2.61 GiB,2.67 GiB,689 MiB,10.9 MiB
2026-06-04 16:46:00,2.61 GiB,2.66 GiB,690 MiB,10.9 MiB
2026-06-04 16:46:30,2.61 GiB,2.65 GiB,690 MiB,10.9 MiB
2026-06-04 16:47:00,2.61 GiB,2.61 GiB,690 MiB,10.9 MiB
2026-06-04 16:47:30,2.61 GiB,2.61 GiB,690 MiB,10.9 MiB
2026-06-04 16:48:00,2.61 GiB,2.51 GiB,690 MiB,10.9 MiB
2026-06-04 16:48:30,2.61 GiB,2.51 GiB,690 MiB,10.9 MiB
2026-06-04 16:49:00,2.62 GiB,2.51 GiB,691 MiB,10.9 MiB
2026-06-04 16:49:30,2.62 GiB,2.52 GiB,691 MiB,10.9 MiB
2026-06-04 16:50:00,2.62 GiB,2.52 GiB,691 MiB,10.9 MiB
2026-06-04 16:50:30,2.62 GiB,2.53 GiB,691 MiB,10.9 MiB
2026-06-04 16:51:00,2.62 GiB,2.53 GiB,691 MiB,10.9 MiB
2026-06-04 16:51:30,2.62 GiB,2.54 GiB,691 MiB,10.9 MiB
2026-06-04 16:52:00,2.62 GiB,2.52 GiB,692 MiB,10.9 MiB
2026-06-04 16:52:30,2.62 GiB,2.53 GiB,692 MiB,10.9 MiB
2026-06-04 16:53:00,2.62 GiB,2.57 GiB,693 MiB,10.9 MiB
2026-06-04 16:53:30,2.62 GiB,2.57 GiB,693 MiB,10.9 MiB
2026-06-04 16:54:00,2.62 GiB,2.57 GiB,693 MiB,10.9 MiB
2026-06-04 16:54:30,2.62 GiB,2.58 GiB,693 MiB,10.9 MiB
2026-06-04 16:55:00,2.62 GiB,2.57 GiB,693 MiB,10.9 MiB
2026-06-04 16:55:30,2.62 GiB,2.57 GiB,693 MiB,10.9 MiB
2026-06-04 16:56:00,2.62 GiB,2.57 GiB,693 MiB,10.9 MiB
2026-06-04 16:56:30,2.62 GiB,2.56 GiB,694 MiB,10.9 MiB
2026-06-04 16:57:00,2.62 GiB,2.56 GiB,694 MiB,10.9 MiB
2026-06-04 16:57:30,2.63 GiB,2.56 GiB,694 MiB,10.9 MiB
2026-06-04 16:58:00,2.63 GiB,2.56 GiB,694 MiB,10.9 MiB
2026-06-04 16:58:30,2.63 GiB,2.56 GiB,694 MiB,10.9 MiB
2026-06-04 16:59:00,2.63 GiB,2.56 GiB,694 MiB,10.9 MiB
2026-06-04 16:59:30,2.63 GiB,2.51 GiB,695 MiB,10.9 MiB
2026-06-04 17:00:00,2.63 GiB,2.52 GiB,695 MiB,10.9 MiB
2026-06-04 17:00:30,2.63 GiB,2.52 GiB,695 MiB,10.9 MiB
2026-06-04 17:01:00,2.63 GiB,2.53 GiB,695 MiB,10.9 MiB
2026-06-04 17:01:30,2.64 GiB,2.55 GiB,695 MiB,10.9 MiB
2026-06-04 17:02:00,2.64 GiB,2.53 GiB,695 MiB,10.9 MiB
2026-06-04 17:02:30,2.64 GiB,2.54 GiB,696 MiB,10.9 MiB
2026-06-04 17:03:00,2.64 GiB,2.54 GiB,696 MiB,10.9 MiB
2026-06-04 17:03:30,2.64 GiB,2.55 GiB,696 MiB,10.9 MiB
2026-06-04 17:04:00,2.64 GiB,2.55 GiB,696 MiB,10.9 MiB
2026-06-04 17:04:30,2.64 GiB,2.54 GiB,696 MiB,10.9 MiB
2026-06-04 17:05:00,2.64 GiB,2.55 GiB,696 MiB,10.9 MiB
2026-06-04 17:05:30,2.64 GiB,2.56 GiB,696 MiB,10.9 MiB
2026-06-04 17:06:00,2.64 GiB,2.55 GiB,697 MiB,10.9 MiB
2026-06-04 17:06:30,2.64 GiB,2.55 GiB,697 MiB,10.9 MiB
2026-06-04 17:07:00,2.64 GiB,2.56 GiB,697 MiB,10.9 MiB
2026-06-04 17:07:30,2.64 GiB,2.56 GiB,697 MiB,10.9 MiB
2026-06-04 17:08:00,2.64 GiB,2.57 GiB,697 MiB,10.9 MiB
2026-06-04 17:08:30,2.64 GiB,2.56 GiB,697 MiB,10.9 MiB
2026-06-04 17:09:00,2.65 GiB,2.56 GiB,698 MiB,10.9 MiB
2026-06-04 17:09:30,2.65 GiB,2.53 GiB,698 MiB,10.9 MiB
2026-06-04 17:10:00,2.65 GiB,2.60 GiB,699 MiB,10.9 MiB
2026-06-04 17:10:30,2.65 GiB,2.61 GiB,699 MiB,10.9 MiB
2026-06-04 17:11:00,2.65 GiB,2.61 GiB,699 MiB,10.9 MiB
2026-06-04 17:11:30,2.65 GiB,2.61 GiB,699 MiB,10.9 MiB
2026-06-04 17:12:00,2.65 GiB,2.59 GiB,699 MiB,10.9 MiB
2026-06-04 17:12:30,2.65 GiB,2.53 GiB,699 MiB,10.9 MiB
2026-06-04 17:13:00,2.65 GiB,2.52 GiB,699 MiB,10.9 MiB
2026-06-04 17:13:30,2.65 GiB,2.53 GiB,700 MiB,10.9 MiB
2026-06-04 17:14:00,2.65 GiB,2.54 GiB,700 MiB,10.9 MiB
2026-06-04 17:14:30,2.65 GiB,2.54 GiB,700 MiB,10.9 MiB
2026-06-04 17:15:00,2.65 GiB,2.58 GiB,700 MiB,10.9 MiB
2026-06-04 17:15:30,2.65 GiB,2.58 GiB,700 MiB,10.9 MiB
2026-06-04 17:16:00,2.65 GiB,2.58 GiB,700 MiB,10.9 MiB
2026-06-04 17:16:30,2.65 GiB,2.57 GiB,701 MiB,10.9 MiB
2026-06-04 17:17:00,2.66 GiB,2.56 GiB,701 MiB,10.9 MiB
2026-06-04 17:17:30,2.66 GiB,2.56 GiB,701 MiB,10.9 MiB
2026-06-04 17:18:00,2.66 GiB,2.56 GiB,701 MiB,10.9 MiB
2026-06-04 17:18:30,2.66 GiB,2.56 GiB,701 MiB,10.9 MiB
2026-06-04 17:19:00,2.66 GiB,2.50 GiB,701 MiB,10.9 MiB
2026-06-04 17:19:30,2.66 GiB,2.51 GiB,702 MiB,10.9 MiB
2026-06-04 17:20:00,2.66 GiB,2.53 GiB,702 MiB,10.9 MiB
2026-06-04 17:20:30,2.66 GiB,2.54 GiB,702 MiB,10.9 MiB
2026-06-04 17:21:00,2.66 GiB,2.55 GiB,702 MiB,10.9 MiB
2026-06-04 17:21:30,2.66 GiB,2.56 GiB,702 MiB,10.9 MiB
2026-06-04 17:22:00,2.66 GiB,2.56 GiB,702 MiB,10.9 MiB
2026-06-04 17:22:30,2.66 GiB,2.56 GiB,703 MiB,10.9 MiB
2026-06-04 17:23:00,2.66 GiB,2.55 GiB,703 MiB,10.9 MiB
2026-06-04 17:23:30,2.66 GiB,2.55 GiB,703 MiB,10.9 MiB
2026-06-04 17:24:00,2.66 GiB,2.55 GiB,703 MiB,10.9 MiB
2026-06-04 17:24:30,2.66 GiB,2.55 GiB,703 MiB,10.9 MiB
2026-06-04 17:25:00,2.66 GiB,2.56 GiB,703 MiB,10.9 MiB
2026-06-04 17:25:30,2.66 GiB,2.57 GiB,704 MiB,10.9 MiB
2026-06-04 17:26:00,2.67 GiB,2.59 GiB,704 MiB,10.9 MiB
2026-06-04 17:26:30,2.67 GiB,2.64 GiB,704 MiB,10.9 MiB
2026-06-04 17:27:00,2.67 GiB,2.63 GiB,705 MiB,10.9 MiB
2026-06-04 17:27:30,2.67 GiB,2.65 GiB,705 MiB,10.9 MiB
2026-06-04 17:28:00,2.67 GiB,2.68 GiB,705 MiB,10.9 MiB
2026-06-04 17:28:30,2.67 GiB,2.68 GiB,705 MiB,10.9 MiB
2026-06-04 17:29:00,2.67 GiB,2.69 GiB,705 MiB,10.9 MiB
2026-06-04 17:29:30,2.67 GiB,2.69 GiB,706 MiB,10.9 MiB
2026-06-04 17:30:00,2.67 GiB,2.66 GiB,706 MiB,10.9 MiB
2026-06-04 17:30:30,2.67 GiB,2.59 GiB,706 MiB,10.9 MiB
2026-06-04 17:31:00,2.67 GiB,2.59 GiB,706 MiB,10.9 MiB
2026-06-04 17:31:30,2.67 GiB,2.59 GiB,706 MiB,10.9 MiB
2026-06-04 17:32:00,2.67 GiB,2.60 GiB,706 MiB,10.9 MiB
2026-06-04 17:32:30,2.67 GiB,2.58 GiB,706 MiB,10.9 MiB
2026-06-04 17:33:00,2.67 GiB,2.54 GiB,706 MiB,10.9 MiB
2026-06-04 17:33:30,2.67 GiB,2.55 GiB,707 MiB,10.9 MiB
2026-06-04 17:34:00,2.67 GiB,2.55 GiB,707 MiB,10.9 MiB
2026-06-04 17:34:30,2.68 GiB,2.54 GiB,707 MiB,10.9 MiB
2026-06-04 17:35:00,2.68 GiB,2.60 GiB,707 MiB,10.9 MiB
2026-06-04 17:35:30,2.68 GiB,2.61 GiB,707 MiB,10.9 MiB
2026-06-04 17:36:00,2.68 GiB,2.60 GiB,707 MiB,10.9 MiB
2026-06-04 17:36:30,2.68 GiB,2.59 GiB,708 MiB,10.9 MiB
2026-06-04 17:37:00,2.68 GiB,2.59 GiB,708 MiB,10.9 MiB
2026-06-04 17:37:30,2.68 GiB,2.59 GiB,708 MiB,10.9 MiB
2026-06-04 17:38:00,2.68 GiB,2.60 GiB,708 MiB,10.9 MiB
2026-06-04 17:38:30,2.68 GiB,2.56 GiB,708 MiB,10.9 MiB
2026-06-04 17:39:00,2.68 GiB,2.56 GiB,709 MiB,10.9 MiB
2026-06-04 17:39:30,2.68 GiB,2.57 GiB,709 MiB,10.9 MiB
2026-06-04 17:40:00,2.68 GiB,2.58 GiB,709 MiB,10.9 MiB
2026-06-04 17:40:30,2.69 GiB,2.56 GiB,709 MiB,10.9 MiB
2026-06-04 17:41:00,2.69 GiB,2.57 GiB,709 MiB,10.9 MiB
2026-06-04 17:41:30,2.69 GiB,2.57 GiB,709 MiB,10.9 MiB
2026-06-04 17:42:00,2.70 GiB,2.57 GiB,710 MiB,10.9 MiB
2026-06-04 17:42:30,2.70 GiB,2.58 GiB,710 MiB,10.9 MiB
2026-06-04 17:43:00,2.70 GiB,2.64 GiB,711 MiB,10.9 MiB
2026-06-04 17:43:30,2.70 GiB,2.64 GiB,711 MiB,10.9 MiB
2026-06-04 17:44:00,2.70 GiB,2.63 GiB,711 MiB,10.9 MiB
2026-06-04 17:44:30,2.70 GiB,2.64 GiB,711 MiB,10.9 MiB
2026-06-04 17:45:00,2.70 GiB,2.63 GiB,711 MiB,10.9 MiB
2026-06-04 17:45:30,2.70 GiB,2.64 GiB,711 MiB,10.9 MiB
2026-06-04 17:46:00,2.70 GiB,2.64 GiB,711 MiB,10.9 MiB
2026-06-04 17:46:30,2.70 GiB,2.62 GiB,715 MiB,10.9 MiB
2026-06-04 17:47:00,2.70 GiB,2.62 GiB,715 MiB,10.9 MiB
2026-06-04 17:47:30,2.70 GiB,2.63 GiB,715 MiB,10.9 MiB
2026-06-04 17:48:00,2.71 GiB,2.63 GiB,716 MiB,10.9 MiB
2026-06-04 17:48:30,2.71 GiB,2.76 GiB,716 MiB,10.9 MiB
2026-06-04 17:49:00,2.71 GiB,2.84 GiB,716 MiB,10.9 MiB
2026-06-04 17:49:30,2.71 GiB,2.88 GiB,716 MiB,10.9 MiB
2026-06-04 17:50:00,2.71 GiB,2.91 GiB,718 MiB,10.9 MiB
2026-06-04 17:50:30,2.71 GiB,2.88 GiB,718 MiB,10.9 MiB
2026-06-04 17:51:00,2.71 GiB,2.90 GiB,718 MiB,10.9 MiB
2026-06-04 17:51:30,2.71 GiB,2.92 GiB,718 MiB,10.9 MiB
2026-06-04 17:52:00,2.71 GiB,2.90 GiB,719 MiB,10.9 MiB
2026-06-04 17:52:30,2.71 GiB,2.91 GiB,720 MiB,10.9 MiB
2026-06-04 17:53:00,2.70 GiB,2.88 GiB,735 MiB,10.9 MiB
2026-06-04 17:53:30,2.66 GiB,2.64 GiB,780 MiB,10.9 MiB
2026-06-04 17:54:00,2.60 GiB,2.57 GiB,842 MiB,11.1 MiB
2026-06-04 17:54:30,2.59 GiB,2.56 GiB,847 MiB,7.94 MiB
2026-06-04 17:55:00,2.53 GiB,2.62 GiB,900 MiB,8.50 MiB
2026-06-04 17:55:30,2.51 GiB,2.60 GiB,920 MiB,7.18 MiB
2026-06-04 17:56:00,2.49 GiB,2.45 GiB,938 MiB,8.38 MiB
2026-06-04 17:56:30,2.43 GiB,2.44 GiB,974 MiB,7.93 MiB
2026-06-04 17:57:00,2.41 GiB,2.41 GiB,987 MiB,6.25 MiB
2026-06-04 17:57:30,2.41 GiB,2.39 GiB,988 MiB,6.27 MiB
2026-06-04 17:58:00,2.41 GiB,2.41 GiB,990 MiB,7.73 MiB
2026-06-04 17:58:30,2.41 GiB,2.40 GiB,991 MiB,7.49 MiB
2026-06-04 17:59:00,2.42 GiB,2.46 GiB,993 MiB,8.34 MiB
2026-06-04 17:59:30,2.41 GiB,2.48 GiB,994 MiB,8.53 MiB
2026-06-04 18:00:00,2.42 GiB,2.47 GiB,996 MiB,6.14 MiB
2026-06-04 18:00:30,2.42 GiB,2.45 GiB,997 MiB,6.09 MiB
2026-06-04 18:01:00,2.42 GiB,2.42 GiB,999 MiB,6.10 MiB
2026-06-04 18:01:30,2.42 GiB,2.46 GiB,999 MiB,6.16 MiB
2026-06-04 18:02:00,2.42 GiB,2.31 GiB,1001 MiB,6.15 MiB
2026-06-04 18:02:30,2.42 GiB,2.32 GiB,1001 MiB,6.93 MiB
2026-06-04 18:03:00,2.43 GiB,2.31 GiB,1002 MiB,7.58 MiB
2026-06-04 18:03:30,2.43 GiB,2.35 GiB,1003 MiB,6.09 MiB
2026-06-04 18:04:00,2.43 GiB,2.35 GiB,1003 MiB,6.09 MiB
2026-06-04 18:04:30,2.43 GiB,2.34 GiB,1003 MiB,6.10 MiB
2026-06-04 18:05:00,2.43 GiB,2.35 GiB,1003 MiB,6.11 MiB
2026-06-04 18:05:30,2.43 GiB,2.39 GiB,1004 MiB,6.16 MiB
2026-06-04 18:06:00,2.43 GiB,2.43 GiB,1005 MiB,6.20 MiB
2026-06-04 18:06:30,2.43 GiB,2.33 GiB,1006 MiB,6.11 MiB
2026-06-04 18:07:00,2.43 GiB,2.29 GiB,1007 MiB,6.13 MiB
2026-06-04 18:07:30,2.43 GiB,2.31 GiB,1008 MiB,6.11 MiB
2026-06-04 18:08:00,2.43 GiB,2.32 GiB,1008 MiB,6.13 MiB
2026-06-04 18:08:30,2.43 GiB,2.33 GiB,1008 MiB,7.41 MiB
2026-06-04 18:09:00,2.43 GiB,2.31 GiB,1009 MiB,8.11 MiB
2026-06-04 18:09:30,2.43 GiB,2.32 GiB,1010 MiB,8.37 MiB
2026-06-04 18:10:00,2.43 GiB,2.35 GiB,1010 MiB,7.28 MiB
2026-06-04 18:10:30,2.43 GiB,2.37 GiB,1011 MiB,8.00 MiB
2026-06-04 18:11:00,2.43 GiB,2.50 GiB,1012 MiB,8.45 MiB
2026-06-04 18:11:30,2.43 GiB,2.52 GiB,1012 MiB,6.12 MiB
2026-06-04 18:12:00,2.43 GiB,2.61 GiB,1013 MiB,6.17 MiB
2026-06-04 18:12:30,2.43 GiB,2.61 GiB,1013 MiB,6.14 MiB
2026-06-04 18:13:00,2.43 GiB,2.62 GiB,1014 MiB,6.14 MiB
2026-06-04 18:13:30,2.43 GiB,2.59 GiB,1015 MiB,6.12 MiB
2026-06-04 18:14:00,2.43 GiB,2.56 GiB,1015 MiB,6.09 MiB
2026-06-04 18:14:30,2.43 GiB,2.55 GiB,1016 MiB,6.11 MiB
2026-06-04 18:15:00,2.43 GiB,2.64 GiB,1017 MiB,6.12 MiB
2026-06-04 18:15:30,2.44 GiB,2.62 GiB,1018 MiB,6.09 MiB
2026-06-04 18:16:00,2.44 GiB,2.63 GiB,1019 MiB,6.09 MiB
2026-06-04 18:16:30,2.44 GiB,2.65 GiB,1020 MiB,7.37 MiB
2026-06-04 18:17:00,2.44 GiB,2.65 GiB,1021 MiB,8.24 MiB
2026-06-04 18:17:30,2.44 GiB,2.48 GiB,1021 MiB,8.43 MiB
2026-06-04 18:18:00,2.44 GiB,2.48 GiB,1022 MiB,7.37 MiB
2026-06-04 18:18:30,2.44 GiB,2.48 GiB,1022 MiB,6.18 MiB
2026-06-04 18:19:00,2.44 GiB,2.49 GiB,1023 MiB,6.13 MiB
2026-06-04 18:19:30,2.44 GiB,2.36 GiB,1024 MiB,6.16 MiB
2026-06-04 18:20:00,2.44 GiB,2.36 GiB,1.00 GiB,6.10 MiB
2026-06-04 18:20:30,2.44 GiB,2.42 GiB,1.00 GiB,6.10 MiB
2026-06-04 18:21:00,2.44 GiB,2.42 GiB,1.00 GiB,6.08 MiB
2026-06-04 18:21:30,2.44 GiB,2.38 GiB,1.00 GiB,6.06 MiB
2026-06-04 18:22:00,2.44 GiB,2.39 GiB,1.00 GiB,6.08 MiB
2026-06-04 18:22:30,2.45 GiB,2.35 GiB,1.01 GiB,6.08 MiB
2026-06-04 18:23:00,2.45 GiB,2.36 GiB,1.01 GiB,6.08 MiB
2026-06-04 18:23:30,2.45 GiB,2.36 GiB,1.01 GiB,6.09 MiB
2026-06-04 18:24:00,2.45 GiB,2.38 GiB,1.01 GiB,7.14 MiB
2026-06-04 18:24:30,2.45 GiB,2.43 GiB,1.01 GiB,8.36 MiB
2026-06-04 18:25:00,2.45 GiB,2.50 GiB,1.01 GiB,8.45 MiB
2026-06-04 18:25:30,2.45 GiB,2.53 GiB,1.01 GiB,8.75 MiB
2026-06-04 18:26:00,2.45 GiB,2.53 GiB,1.01 GiB,8.80 MiB
2026-06-04 18:26:30,2.45 GiB,2.58 GiB,1.01 GiB,9.78 MiB
2026-06-04 18:27:00,2.45 GiB,2.57 GiB,1.01 GiB,9.81 MiB
2026-06-04 18:27:30,2.45 GiB,2.57 GiB,1.01 GiB,9.90 MiB
2026-06-04 18:28:00,2.45 GiB,2.58 GiB,1.01 GiB,9.91 MiB
2026-06-04 18:28:30,2.45 GiB,2.58 GiB,1.01 GiB,10.4 MiB
2026-06-04 18:29:00,2.45 GiB,2.58 GiB,1.01 GiB,10.4 MiB
2026-06-04 18:29:30,2.46 GiB,2.58 GiB,1.01 GiB,10.6 MiB
2026-06-04 18:30:00,2.46 GiB,2.57 GiB,1.01 GiB,10.6 MiB
2026-06-04 18:30:30,2.46 GiB,2.58 GiB,1.01 GiB,10.6 MiB
2026-06-04 18:31:00,2.46 GiB,2.60 GiB,1.01 GiB,10.6 MiB
2026-06-04 18:31:30,2.46 GiB,2.60 GiB,1.01 GiB,10.7 MiB
2026-06-04 18:32:00,2.46 GiB,2.59 GiB,1.01 GiB,10.7 MiB
2026-06-04 18:32:30,2.46 GiB,2.69 GiB,1.01 GiB,10.7 MiB
2026-06-04 18:33:00,2.47 GiB,2.68 GiB,1.02 GiB,10.7 MiB
2026-06-04 18:33:30,2.47 GiB,2.69 GiB,1.02 GiB,10.7 MiB
2026-06-04 18:34:00,2.47 GiB,2.75 GiB,1.02 GiB,10.7 MiB
2026-06-04 18:34:30,2.47 GiB,2.77 GiB,1.02 GiB,10.7 MiB
2026-06-04 18:35:00,2.47 GiB,2.89 GiB,1.02 GiB,10.7 MiB
2026-06-04 18:35:30,2.47 GiB,2.86 GiB,1.02 GiB,10.7 MiB
2026-06-04 18:36:00,2.47 GiB,2.85 GiB,1.02 GiB,10.7 MiB
2026-06-04 18:36:30,2.47 GiB,2.85 GiB,1.02 GiB,10.7 MiB
2026-06-04 18:37:00,2.47 GiB,2.74 GiB,1.02 GiB,10.7 MiB
2026-06-04 18:37:30,2.47 GiB,2.71 GiB,1.02 GiB,10.7 MiB
2026-06-04 18:38:00,2.47 GiB,2.72 GiB,1.02 GiB,10.7 MiB
2026-06-04 18:38:30,2.47 GiB,2.71 GiB,1.02 GiB,10.7 MiB
2026-06-04 18:39:00,2.47 GiB,2.69 GiB,1.02 GiB,10.7 MiB
2026-06-04 18:39:30,2.47 GiB,2.54 GiB,1.02 GiB,10.7 MiB
2026-06-04 18:40:00,2.47 GiB,2.65 GiB,1.02 GiB,10.7 MiB
2026-06-04 18:40:30,2.47 GiB,2.65 GiB,1.02 GiB,10.7 MiB
2026-06-04 18:41:00,2.47 GiB,2.65 GiB,1.02 GiB,10.7 MiB
2026-06-04 18:41:30,2.48 GiB,2.67 GiB,1.02 GiB,10.7 MiB
2026-06-04 18:42:00,2.48 GiB,2.68 GiB,1.02 GiB,10.7 MiB
2026-06-04 18:42:30,2.48 GiB,2.62 GiB,1.02 GiB,10.7 MiB
2026-06-04 18:43:00,2.48 GiB,2.63 GiB,1.02 GiB,10.7 MiB
2026-06-04 18:43:30,2.48 GiB,2.63 GiB,1.02 GiB,10.7 MiB
2026-06-04 18:44:00,2.48 GiB,2.64 GiB,1.02 GiB,10.7 MiB
2026-06-04 18:44:30,2.48 GiB,2.64 GiB,1.02 GiB,10.7 MiB
2026-06-04 18:45:00,2.48 GiB,2.69 GiB,1.02 GiB,10.7 MiB
2026-06-04 18:45:30,2.48 GiB,2.69 GiB,1.02 GiB,10.7 MiB
2026-06-04 18:46:00,2.48 GiB,2.70 GiB,1.02 GiB,10.7 MiB
2026-06-04 18:46:30,2.48 GiB,2.61 GiB,1.02 GiB,10.7 MiB
2026-06-04 18:47:00,2.48 GiB,2.61 GiB,1.02 GiB,10.7 MiB
2026-06-04 18:47:30,2.48 GiB,2.54 GiB,1.02 GiB,10.7 MiB
2026-06-04 18:48:00,2.48 GiB,2.56 GiB,1.02 GiB,10.7 MiB
2026-06-04 18:48:30,2.48 GiB,2.57 GiB,1.02 GiB,10.7 MiB
2026-06-04 18:49:00,2.48 GiB,2.57 GiB,1.02 GiB,10.7 MiB
2026-06-04 18:49:30,2.48 GiB,2.56 GiB,1.02 GiB,10.7 MiB
2026-06-04 18:50:00,2.49 GiB,2.71 GiB,1.02 GiB,10.7 MiB
2026-06-04 18:50:30,2.49 GiB,2.71 GiB,1.02 GiB,10.7 MiB
2026-06-04 18:51:00,2.49 GiB,2.71 GiB,1.02 GiB,10.7 MiB
2026-06-04 18:51:30,2.49 GiB,2.70 GiB,1.02 GiB,10.7 MiB
2026-06-04 18:52:00,2.49 GiB,2.69 GiB,1.02 GiB,10.7 MiB
2026-06-04 18:52:30,2.49 GiB,2.63 GiB,1.02 GiB,10.7 MiB
2026-06-04 18:53:00,2.49 GiB,2.63 GiB,1.02 GiB,10.7 MiB
2026-06-04 18:53:30,2.49 GiB,2.62 GiB,1.02 GiB,10.7 MiB
2026-06-04 18:54:00,2.49 GiB,2.61 GiB,1.02 GiB,10.7 MiB
2026-06-04 18:54:30,2.49 GiB,2.56 GiB,1.02 GiB,10.7 MiB
2026-06-04 18:55:00,2.49 GiB,2.57 GiB,1.02 GiB,10.7 MiB
2026-06-04 18:55:30,2.49 GiB,2.58 GiB,1.02 GiB,10.7 MiB
2026-06-04 18:56:00,2.49 GiB,2.57 GiB,1.02 GiB,10.7 MiB
2026-06-04 18:56:30,2.49 GiB,2.57 GiB,1.02 GiB,10.8 MiB
2026-06-04 18:57:00,2.49 GiB,2.57 GiB,1.02 GiB,10.8 MiB
2026-06-04 18:57:30,2.49 GiB,2.58 GiB,1.02 GiB,10.8 MiB
2026-06-04 18:58:00,2.49 GiB,2.57 GiB,1.02 GiB,10.8 MiB
2026-06-04 18:58:30,2.50 GiB,2.57 GiB,1.02 GiB,10.8 MiB
2026-06-04 18:59:00,2.50 GiB,2.58 GiB,1.02 GiB,10.8 MiB
2026-06-04 18:59:30,2.50 GiB,2.59 GiB,1.02 GiB,10.8 MiB
2026-06-04 19:00:00,2.50 GiB,2.64 GiB,1.02 GiB,10.8 MiB
2026-06-04 19:00:30,2.50 GiB,2.65 GiB,1.02 GiB,10.8 MiB
2026-06-04 19:01:00,2.50 GiB,2.66 GiB,1.02 GiB,10.8 MiB
2026-06-04 19:01:30,2.51 GiB,2.67 GiB,1.02 GiB,10.8 MiB
2026-06-04 19:02:00,2.51 GiB,2.58 GiB,1.02 GiB,10.8 MiB
2026-06-04 19:02:30,2.51 GiB,2.59 GiB,1.02 GiB,10.8 MiB
2026-06-04 19:03:00,2.51 GiB,2.60 GiB,1.02 GiB,10.8 MiB
2026-06-04 19:03:30,2.51 GiB,2.59 GiB,1.02 GiB,10.8 MiB
2026-06-04 19:04:00,2.52 GiB,2.59 GiB,1.02 GiB,10.8 MiB
2026-06-04 19:04:30,2.52 GiB,2.62 GiB,1.02 GiB,10.8 MiB
2026-06-04 19:05:00,2.52 GiB,2.73 GiB,1.02 GiB,10.8 MiB
2026-06-04 19:05:30,2.52 GiB,2.75 GiB,1.02 GiB,10.8 MiB
2026-06-04 19:06:00,2.52 GiB,2.75 GiB,1.02 GiB,10.8 MiB
2026-06-04 19:06:30,2.52 GiB,2.85 GiB,1.02 GiB,10.8 MiB
2026-06-04 19:07:00,2.52 GiB,2.83 GiB,1.02 GiB,10.8 MiB
2026-06-04 19:07:30,2.52 GiB,2.84 GiB,1.02 GiB,10.8 MiB
2026-06-04 19:08:00,2.52 GiB,2.84 GiB,1.02 GiB,10.8 MiB
2026-06-04 19:08:30,2.52 GiB,2.82 GiB,1.02 GiB,10.8 MiB
2026-06-04 19:09:00,2.52 GiB,2.66 GiB,1.02 GiB,10.8 MiB
2026-06-04 19:09:30,2.52 GiB,2.67 GiB,1.02 GiB,10.8 MiB
2026-06-04 19:10:00,2.52 GiB,2.68 GiB,1.02 GiB,10.8 MiB
2026-06-04 19:10:30,2.52 GiB,2.68 GiB,1.02 GiB,10.8 MiB
2026-06-04 19:11:00,2.52 GiB,2.60 GiB,1.02 GiB,10.8 MiB
2026-06-04 19:11:30,2.53 GiB,2.60 GiB,1.02 GiB,10.8 MiB
2026-06-04 19:12:00,2.53 GiB,2.60 GiB,1.02 GiB,10.8 MiB
2026-06-04 19:12:30,2.53 GiB,2.60 GiB,1.02 GiB,10.8 MiB
2026-06-04 19:13:00,2.53 GiB,2.59 GiB,1.02 GiB,10.8 MiB
2026-06-04 19:13:30,2.53 GiB,2.60 GiB,1.02 GiB,10.8 MiB
2026-06-04 19:14:00,2.53 GiB,2.60 GiB,1.02 GiB,10.8 MiB
2026-06-04 19:14:30,2.53 GiB,2.59 GiB,1.02 GiB,10.8 MiB
2026-06-04 19:15:00,2.53 GiB,2.59 GiB,1.02 GiB,10.8 MiB
2026-06-04 19:15:30,2.53 GiB,2.60 GiB,1.02 GiB,10.8 MiB
2026-06-04 19:16:00,2.53 GiB,2.60 GiB,1.02 GiB,10.8 MiB
2026-06-04 19:16:30,2.53 GiB,2.60 GiB,1.02 GiB,10.8 MiB
2026-06-04 19:17:00,2.53 GiB,2.61 GiB,1.02 GiB,10.8 MiB
2026-06-04 19:17:30,2.53 GiB,2.61 GiB,1.02 GiB,10.8 MiB
2026-06-04 19:18:00,2.53 GiB,2.61 GiB,1.02 GiB,10.8 MiB
2026-06-04 19:18:30,2.53 GiB,2.62 GiB,1.02 GiB,10.8 MiB
2026-06-04 19:19:00,2.53 GiB,2.62 GiB,1.02 GiB,10.8 MiB
2026-06-04 19:19:30,2.53 GiB,2.62 GiB,1.02 GiB,10.8 MiB
2026-06-04 19:20:00,2.53 GiB,2.63 GiB,1.02 GiB,10.8 MiB
2026-06-04 19:20:30,2.54 GiB,2.64 GiB,1.02 GiB,10.8 MiB
2026-06-04 19:21:00,2.54 GiB,2.63 GiB,1.02 GiB,10.8 MiB
2026-06-04 19:21:30,2.54 GiB,2.64 GiB,1.02 GiB,10.8 MiB
2026-06-04 19:22:00,2.54 GiB,2.59 GiB,1.02 GiB,10.8 MiB
2026-06-04 19:22:30,2.54 GiB,2.61 GiB,1.02 GiB,10.8 MiB
2026-06-04 19:23:00,2.54 GiB,2.66 GiB,1.02 GiB,10.8 MiB
2026-06-04 19:23:30,2.54 GiB,2.65 GiB,1.02 GiB,10.8 MiB
2026-06-04 19:24:00,2.54 GiB,2.66 GiB,1.02 GiB,10.8 MiB
2026-06-04 19:24:30,2.54 GiB,2.66 GiB,1.02 GiB,10.8 MiB
2026-06-04 19:25:00,2.54 GiB,2.69 GiB,1.02 GiB,10.8 MiB
2026-06-04 19:25:30,2.54 GiB,2.70 GiB,1.02 GiB,10.8 MiB
2026-06-04 19:26:00,2.54 GiB,2.70 GiB,1.02 GiB,10.8 MiB
2026-06-04 19:26:30,2.54 GiB,2.70 GiB,1.02 GiB,10.8 MiB
2026-06-04 19:27:00,2.54 GiB,2.67 GiB,1.02 GiB,10.8 MiB
2026-06-04 19:27:30,2.54 GiB,2.58 GiB,1.02 GiB,10.8 MiB
2026-06-04 19:28:00,2.54 GiB,2.58 GiB,1.02 GiB,10.8 MiB
2026-06-04 19:28:30,2.55 GiB,2.59 GiB,1.02 GiB,10.8 MiB
2026-06-04 19:29:00,2.55 GiB,2.58 GiB,1.02 GiB,10.8 MiB
2026-06-04 19:29:30,2.55 GiB,2.59 GiB,1.02 GiB,10.8 MiB
2026-06-04 19:30:00,2.55 GiB,2.63 GiB,1.02 GiB,10.8 MiB
2026-06-04 19:30:30,2.55 GiB,2.63 GiB,1.02 GiB,10.8 MiB
2026-06-04 19:31:00,2.55 GiB,2.63 GiB,1.02 GiB,10.8 MiB
2026-06-04 19:31:30,2.55 GiB,2.59 GiB,1.02 GiB,10.8 MiB
2026-06-04 19:32:00,2.55 GiB,2.67 GiB,1.02 GiB,10.8 MiB
2026-06-04 19:32:30,2.55 GiB,2.64 GiB,1.02 GiB,10.8 MiB
2026-06-04 19:33:00,2.55 GiB,2.64 GiB,1.02 GiB,10.8 MiB
2026-06-04 19:33:30,2.55 GiB,2.63 GiB,1.02 GiB,10.8 MiB
2026-06-04 19:34:00,2.55 GiB,2.61 GiB,1.02 GiB,10.8 MiB
2026-06-04 19:34:30,2.55 GiB,2.59 GiB,1.02 GiB,10.8 MiB
2026-06-04 19:35:00,2.55 GiB,2.61 GiB,1.02 GiB,10.8 MiB
2026-06-04 19:35:30,2.55 GiB,2.64 GiB,1.02 GiB,10.8 MiB
2026-06-04 19:36:00,2.55 GiB,2.64 GiB,1.02 GiB,10.8 MiB
2026-06-04 19:36:30,2.55 GiB,2.64 GiB,1.02 GiB,10.8 MiB
2026-06-04 19:37:00,2.55 GiB,2.64 GiB,1.02 GiB,10.8 MiB
2026-06-04 19:37:30,2.55 GiB,2.60 GiB,1.02 GiB,10.8 MiB
2026-06-04 19:38:00,2.56 GiB,2.58 GiB,1.02 GiB,10.8 MiB
2026-06-04 19:38:30,2.56 GiB,2.58 GiB,1.02 GiB,10.8 MiB
2026-06-04 19:39:00,2.56 GiB,2.59 GiB,1.02 GiB,10.8 MiB
2026-06-04 19:39:30,2.56 GiB,2.58 GiB,1.02 GiB,10.8 MiB
2026-06-04 19:40:00,2.56 GiB,2.69 GiB,1.02 GiB,10.8 MiB
2026-06-04 19:40:30,2.56 GiB,2.69 GiB,1.02 GiB,10.8 MiB
2026-06-04 19:41:00,2.56 GiB,2.69 GiB,1.02 GiB,10.8 MiB
2026-06-04 19:41:30,2.56 GiB,2.70 GiB,1.02 GiB,10.8 MiB
2026-06-04 19:42:00,2.56 GiB,2.68 GiB,1.02 GiB,10.8 MiB
2026-06-04 19:42:30,2.56 GiB,2.68 GiB,1.02 GiB,10.8 MiB
2026-06-04 19:43:00,2.56 GiB,2.62 GiB,1.02 GiB,10.8 MiB
2026-06-04 19:43:30,2.56 GiB,2.61 GiB,1.02 GiB,10.8 MiB
2026-06-04 19:44:00,2.56 GiB,2.62 GiB,1.06 GiB,10.8 MiB
2026-06-04 19:44:30,2.56 GiB,2.63 GiB,1.06 GiB,10.8 MiB
2026-06-04 19:45:00,2.57 GiB,2.68 GiB,1.06 GiB,10.8 MiB
2026-06-04 19:45:30,2.57 GiB,2.67 GiB,1.06 GiB,10.8 MiB
2026-06-04 19:46:00,2.57 GiB,2.67 GiB,1.06 GiB,10.8 MiB
2026-06-04 19:46:30,2.57 GiB,2.67 GiB,1.06 GiB,10.8 MiB
2026-06-04 19:47:00,2.57 GiB,2.64 GiB,1.06 GiB,10.8 MiB
2026-06-04 19:47:30,2.57 GiB,2.64 GiB,1.06 GiB,10.8 MiB
2026-06-04 19:48:00,2.57 GiB,2.64 GiB,1.06 GiB,10.8 MiB
2026-06-04 19:48:30,2.57 GiB,2.64 GiB,1.06 GiB,10.8 MiB
2026-06-04 19:49:00,2.57 GiB,2.65 GiB,1.06 GiB,10.8 MiB
2026-06-04 19:49:30,2.57 GiB,2.65 GiB,1.06 GiB,10.8 MiB
2026-06-04 19:50:00,2.57 GiB,2.67 GiB,1.06 GiB,10.8 MiB
2026-06-04 19:50:30,2.57 GiB,2.67 GiB,1.06 GiB,10.8 MiB
2026-06-04 19:51:00,2.57 GiB,2.67 GiB,1.06 GiB,10.8 MiB
2026-06-04 19:51:30,2.57 GiB,2.67 GiB,1.06 GiB,10.8 MiB
2026-06-04 19:52:00,2.57 GiB,2.66 GiB,1.06 GiB,10.8 MiB
2026-06-04 19:52:30,2.57 GiB,2.66 GiB,1.06 GiB,10.8 MiB
2026-06-04 19:53:00,2.57 GiB,2.66 GiB,1.06 GiB,10.8 MiB
2026-06-04 19:53:30,2.57 GiB,2.66 GiB,1.06 GiB,10.8 MiB
2026-06-04 19:54:00,2.57 GiB,2.67 GiB,1.06 GiB,10.8 MiB
2026-06-04 19:54:30,2.58 GiB,2.68 GiB,1.06 GiB,10.8 MiB
2026-06-04 19:55:00,2.58 GiB,2.74 GiB,1.06 GiB,10.8 MiB
2026-06-04 19:55:30,2.58 GiB,2.74 GiB,1.06 GiB,10.8 MiB
2026-06-04 19:56:00,1.84 GiB,3.64 GiB,1.02 GiB,11.2 MiB
2026-06-04 19:56:30,1.40 GiB,4.06 GiB,792 MiB,11.3 MiB
2026-06-04 19:57:00,1.56 GiB,3.47 GiB,851 MiB,7.85 MiB
2026-06-04 19:57:30,1.57 GiB,3.57 GiB,858 MiB,9.14 MiB
2026-06-04 19:58:00,1.60 GiB,3.52 GiB,870 MiB,10.5 MiB
2026-06-04 19:58:30,1.60 GiB,3.31 GiB,870 MiB,10.6 MiB
2026-06-04 19:59:00,1.59 GiB,3.11 GiB,871 MiB,10.7 MiB
2026-06-04 19:59:30,1.61 GiB,2.88 GiB,872 MiB,10.7 MiB
2026-06-04 20:00:00,1.60 GiB,3.18 GiB,874 MiB,10.9 MiB
2026-06-04 20:00:30,1.62 GiB,2.95 GiB,875 MiB,10.9 MiB
2026-06-04 20:01:00,1.62 GiB,2.97 GiB,880 MiB,10.9 MiB
2026-06-04 20:01:30,1.63 GiB,2.93 GiB,875 MiB,11.0 MiB
2026-06-04 20:02:00,1.65 GiB,3.00 GiB,875 MiB,11.0 MiB
2026-06-04 20:02:30,1.65 GiB,2.95 GiB,875 MiB,11.0 MiB
2026-06-04 20:03:00,1.65 GiB,2.73 GiB,876 MiB,11.0 MiB
2026-06-04 20:03:30,1.65 GiB,2.94 GiB,876 MiB,11.1 MiB
2026-06-04 20:04:00,1.65 GiB,2.69 GiB,876 MiB,11.1 MiB
2026-06-04 20:04:30,1.65 GiB,2.88 GiB,876 MiB,11.1 MiB
2026-06-04 20:05:00,1.66 GiB,2.78 GiB,876 MiB,11.1 MiB
2026-06-04 20:05:30,1.65 GiB,2.66 GiB,876 MiB,11.1 MiB
2026-06-04 20:06:00,1.66 GiB,2.75 GiB,877 MiB,11.1 MiB
2026-06-04 20:06:30,1.66 GiB,2.61 GiB,877 MiB,11.1 MiB
2026-06-04 20:07:00,1.64 GiB,2.78 GiB,898 MiB,11.1 MiB
2026-06-04 20:07:30,1.64 GiB,2.62 GiB,898 MiB,11.1 MiB
2026-06-04 20:08:00,1.64 GiB,2.79 GiB,898 MiB,11.1 MiB
2026-06-04 20:08:30,1.64 GiB,2.65 GiB,899 MiB,11.1 MiB
2026-06-04 20:09:00,1.64 GiB,2.72 GiB,899 MiB,11.1 MiB
2026-06-04 20:09:30,1.64 GiB,2.87 GiB,899 MiB,11.1 MiB
2026-06-04 20:10:00,1.64 GiB,2.92 GiB,899 MiB,11.1 MiB
2026-06-04 20:10:30,1.64 GiB,2.80 GiB,899 MiB,11.1 MiB
2026-06-04 20:11:00,1.65 GiB,2.92 GiB,900 MiB,11.1 MiB
2026-06-04 20:11:30,1.65 GiB,2.77 GiB,900 MiB,11.1 MiB
2026-06-04 20:12:00,1.65 GiB,2.88 GiB,900 MiB,11.1 MiB
2026-06-04 20:12:30,1.64 GiB,2.93 GiB,906 MiB,11.1 MiB
2026-06-04 20:13:00,1.65 GiB,2.88 GiB,906 MiB,11.1 MiB
2026-06-04 20:13:30,1.65 GiB,2.92 GiB,907 MiB,11.1 MiB
2026-06-04 20:14:00,1.65 GiB,3.02 GiB,907 MiB,11.1 MiB
2026-06-04 20:14:30,1.65 GiB,3.03 GiB,906 MiB,11.1 MiB
2026-06-04 20:15:00,1.65 GiB,2.95 GiB,907 MiB,11.1 MiB
2026-06-04 20:15:30,1.65 GiB,2.83 GiB,907 MiB,11.1 MiB
2026-06-04 20:16:00,1.66 GiB,2.90 GiB,907 MiB,11.1 MiB
2026-06-04 20:16:30,1.66 GiB,2.78 GiB,907 MiB,11.1 MiB
2026-06-04 20:17:00,1.65 GiB,2.87 GiB,907 MiB,11.1 MiB
2026-06-04 20:17:30,1.66 GiB,2.78 GiB,908 MiB,11.1 MiB
2026-06-04 20:18:00,1.65 GiB,2.85 GiB,907 MiB,11.1 MiB
2026-06-04 20:18:30,1.66 GiB,2.73 GiB,908 MiB,11.1 MiB
2026-06-04 20:19:00,1.66 GiB,2.86 GiB,910 MiB,11.1 MiB
2026-06-04 20:19:30,1.66 GiB,2.71 GiB,908 MiB,11.1 MiB
2026-06-04 20:20:00,1.66 GiB,2.68 GiB,908 MiB,11.1 MiB
2026-06-04 20:20:30,1.66 GiB,2.85 GiB,908 MiB,11.1 MiB
2026-06-04 20:21:00,1.66 GiB,2.92 GiB,909 MiB,11.1 MiB
2026-06-04 20:21:30,1.66 GiB,2.88 GiB,909 MiB,11.1 MiB
2026-06-04 20:22:00,1.66 GiB,2.91 GiB,910 MiB,11.1 MiB
2026-06-04 20:22:30,1.66 GiB,2.78 GiB,910 MiB,11.1 MiB
2026-06-04 20:23:00,1.66 GiB,2.87 GiB,910 MiB,11.1 MiB
2026-06-04 20:23:30,1.66 GiB,2.80 GiB,910 MiB,11.1 MiB
2026-06-04 20:24:00,1.66 GiB,2.87 GiB,911 MiB,11.1 MiB
2026-06-04 20:24:30,1.66 GiB,2.64 GiB,911 MiB,11.1 MiB
2026-06-04 20:25:00,1.66 GiB,2.86 GiB,911 MiB,11.1 MiB
2026-06-04 20:25:30,1.66 GiB,2.90 GiB,911 MiB,11.1 MiB
2026-06-04 20:26:00,1.67 GiB,2.65 GiB,915 MiB,11.0 MiB
2026-06-04 20:26:30,1.67 GiB,2.62 GiB,915 MiB,11.0 MiB
2026-06-04 20:27:00,1.67 GiB,2.63 GiB,916 MiB,11.0 MiB
2026-06-04 20:27:30,1.67 GiB,2.62 GiB,916 MiB,11.0 MiB
2026-06-04 20:28:00,1.67 GiB,2.69 GiB,917 MiB,11.1 MiB
2026-06-04 20:28:30,1.67 GiB,2.70 GiB,917 MiB,11.1 MiB
2026-06-04 20:29:00,1.67 GiB,2.70 GiB,917 MiB,11.1 MiB
2026-06-04 20:29:30,1.67 GiB,2.70 GiB,917 MiB,11.1 MiB
2026-06-04 20:30:00,1.68 GiB,2.86 GiB,918 MiB,11.1 MiB
2026-06-04 20:30:30,1.68 GiB,2.84 GiB,918 MiB,11.1 MiB
2026-06-04 20:31:00,1.68 GiB,2.84 GiB,918 MiB,11.1 MiB
2026-06-04 20:31:30,1.68 GiB,2.85 GiB,918 MiB,11.0 MiB
2026-06-04 20:32:00,1.68 GiB,2.62 GiB,918 MiB,11.1 MiB
2026-06-04 20:32:30,1.68 GiB,2.62 GiB,918 MiB,11.1 MiB
2026-06-04 20:33:00,1.68 GiB,2.63 GiB,918 MiB,11.1 MiB
2026-06-04 20:33:30,1.68 GiB,2.63 GiB,918 MiB,11.1 MiB
2026-06-04 20:34:00,1.68 GiB,2.61 GiB,918 MiB,11.1 MiB
2026-06-04 20:34:30,1.68 GiB,2.61 GiB,919 MiB,11.1 MiB
2026-06-04 20:35:00,1.68 GiB,2.62 GiB,919 MiB,11.1 MiB
2026-06-04 20:35:30,1.68 GiB,2.62 GiB,921 MiB,11.1 MiB
2026-06-04 20:36:00,1.68 GiB,2.61 GiB,921 MiB,11.1 MiB
2026-06-04 20:36:30,1.68 GiB,2.61 GiB,921 MiB,11.1 MiB
2026-06-04 20:37:00,1.68 GiB,2.61 GiB,921 MiB,11.1 MiB
2026-06-04 20:37:30,1.68 GiB,2.59 GiB,922 MiB,11.1 MiB
2026-06-04 20:38:00,1.68 GiB,2.59 GiB,922 MiB,11.1 MiB
2026-06-04 20:38:30,1.68 GiB,2.60 GiB,922 MiB,11.1 MiB
2026-06-04 20:39:00,1.68 GiB,2.60 GiB,922 MiB,11.1 MiB
2026-06-04 20:39:30,1.68 GiB,2.66 GiB,922 MiB,11.1 MiB
2026-06-04 20:40:00,1.68 GiB,2.71 GiB,922 MiB,11.1 MiB
2026-06-04 20:40:30,1.68 GiB,2.70 GiB,923 MiB,11.1 MiB
2026-06-04 20:41:00,1.69 GiB,2.70 GiB,923 MiB,11.1 MiB
2026-06-04 20:41:30,1.69 GiB,2.70 GiB,923 MiB,11.1 MiB
2026-06-04 20:42:00,1.69 GiB,2.61 GiB,923 MiB,11.1 MiB
2026-06-04 20:42:30,1.69 GiB,2.64 GiB,923 MiB,11.1 MiB
2026-06-04 20:43:00,1.69 GiB,2.65 GiB,923 MiB,11.1 MiB
2026-06-04 20:43:30,1.69 GiB,2.67 GiB,923 MiB,11.1 MiB
2026-06-04 20:44:00,1.69 GiB,2.67 GiB,923 MiB,11.1 MiB
2026-06-04 20:44:30,1.69 GiB,2.68 GiB,923 MiB,11.1 MiB
2026-06-04 20:45:00,1.69 GiB,2.71 GiB,923 MiB,11.1 MiB
2026-06-04 20:45:30,1.69 GiB,2.72 GiB,924 MiB,11.1 MiB
2026-06-04 20:46:00,1.69 GiB,2.72 GiB,924 MiB,11.1 MiB
2026-06-04 20:46:30,1.69 GiB,2.77 GiB,924 MiB,11.1 MiB
2026-06-04 20:47:00,1.70 GiB,2.70 GiB,924 MiB,11.1 MiB
2026-06-04 20:47:30,1.70 GiB,2.71 GiB,925 MiB,11.1 MiB
2026-06-04 20:48:00,1.70 GiB,2.71 GiB,925 MiB,11.1 MiB
2026-06-04 20:48:30,1.70 GiB,2.75 GiB,925 MiB,11.1 MiB
2026-06-04 20:49:00,1.70 GiB,2.74 GiB,925 MiB,11.1 MiB
2026-06-04 20:49:30,1.70 GiB,2.74 GiB,925 MiB,11.1 MiB
2026-06-04 20:50:00,1.70 GiB,2.76 GiB,925 MiB,11.1 MiB
2026-06-04 20:50:30,1.70 GiB,2.80 GiB,925 MiB,11.1 MiB
2026-06-04 20:51:00,1.70 GiB,2.78 GiB,925 MiB,11.1 MiB
2026-06-04 20:51:30,1.70 GiB,2.79 GiB,925 MiB,11.1 MiB
2026-06-04 20:52:00,1.70 GiB,2.79 GiB,925 MiB,11.1 MiB
2026-06-04 20:52:30,1.70 GiB,2.79 GiB,926 MiB,11.1 MiB
2026-06-04 20:53:00,1.70 GiB,2.74 GiB,926 MiB,11.1 MiB
2026-06-04 20:53:30,1.70 GiB,2.75 GiB,926 MiB,11.1 MiB
2026-06-04 20:54:00,1.70 GiB,2.62 GiB,926 MiB,11.1 MiB
2026-06-04 20:54:30,1.70 GiB,2.62 GiB,926 MiB,11.1 MiB
2026-06-04 20:55:00,1.70 GiB,2.69 GiB,926 MiB,11.1 MiB
2026-06-04 20:55:30,1.70 GiB,2.69 GiB,926 MiB,11.1 MiB
2026-06-04 20:56:00,1.71 GiB,2.72 GiB,926 MiB,11.1 MiB
2026-06-04 20:56:30,1.71 GiB,2.72 GiB,927 MiB,11.1 MiB
2026-06-04 20:57:00,1.71 GiB,2.65 GiB,927 MiB,11.1 MiB
2026-06-04 20:57:30,1.71 GiB,2.66 GiB,927 MiB,11.1 MiB
2026-06-04 20:58:00,1.71 GiB,2.68 GiB,927 MiB,11.1 MiB
2026-06-04 20:58:30,1.71 GiB,2.67 GiB,927 MiB,11.1 MiB
2026-06-04 20:59:00,1.71 GiB,2.66 GiB,927 MiB,11.1 MiB
2026-06-04 20:59:30,1.71 GiB,2.67 GiB,927 MiB,11.1 MiB
2026-06-04 21:00:00,1.71 GiB,2.71 GiB,927 MiB,11.1 MiB
2026-06-04 21:00:30,1.73 GiB,2.68 GiB,928 MiB,11.1 MiB
2026-06-04 21:01:00,1.73 GiB,2.70 GiB,928 MiB,11.1 MiB
2026-06-04 21:01:30,1.74 GiB,2.71 GiB,928 MiB,11.1 MiB
2026-06-04 21:02:00,1.74 GiB,2.70 GiB,928 MiB,11.1 MiB
2026-06-04 21:02:30,1.74 GiB,2.72 GiB,928 MiB,11.1 MiB
2026-06-04 21:03:00,1.74 GiB,2.83 GiB,928 MiB,11.1 MiB
2026-06-04 21:03:30,1.74 GiB,2.86 GiB,929 MiB,11.1 MiB
2026-06-04 21:04:00,1.74 GiB,2.86 GiB,929 MiB,11.1 MiB
2026-06-04 21:04:30,1.75 GiB,2.85 GiB,929 MiB,11.1 MiB
2026-06-04 21:05:00,1.75 GiB,2.84 GiB,929 MiB,11.1 MiB
2026-06-04 21:05:30,1.75 GiB,2.82 GiB,929 MiB,11.1 MiB
2026-06-04 21:06:00,1.75 GiB,2.74 GiB,929 MiB,11.1 MiB
2026-06-04 21:06:30,1.75 GiB,2.74 GiB,930 MiB,11.1 MiB
2026-06-04 21:07:00,1.75 GiB,2.74 GiB,930 MiB,11.1 MiB
2026-06-04 21:07:30,1.75 GiB,2.72 GiB,930 MiB,11.1 MiB
2026-06-04 21:08:00,1.75 GiB,2.73 GiB,930 MiB,11.1 MiB
2026-06-04 21:08:30,1.75 GiB,2.74 GiB,930 MiB,11.1 MiB
2026-06-04 21:09:00,1.75 GiB,2.73 GiB,930 MiB,11.1 MiB
2026-06-04 21:09:30,1.75 GiB,2.73 GiB,930 MiB,11.1 MiB
2026-06-04 21:10:00,1.75 GiB,2.72 GiB,930 MiB,11.1 MiB
2026-06-04 21:10:30,1.75 GiB,2.64 GiB,930 MiB,11.1 MiB
2026-06-04 21:11:00,1.75 GiB,2.64 GiB,931 MiB,11.1 MiB
2026-06-04 21:11:30,1.75 GiB,2.65 GiB,931 MiB,11.1 MiB
2026-06-04 21:12:00,1.75 GiB,2.65 GiB,931 MiB,11.1 MiB
2026-06-04 21:12:30,1.75 GiB,2.65 GiB,931 MiB,11.1 MiB
2026-06-04 21:13:00,1.75 GiB,2.65 GiB,931 MiB,11.1 MiB
2026-06-04 21:13:30,1.75 GiB,2.66 GiB,931 MiB,11.1 MiB
2026-06-04 21:14:00,1.76 GiB,2.63 GiB,931 MiB,11.1 MiB
2026-06-04 21:14:30,1.76 GiB,2.63 GiB,931 MiB,11.1 MiB
2026-06-04 21:15:00,1.76 GiB,2.72 GiB,931 MiB,11.1 MiB
2026-06-04 21:15:30,1.76 GiB,2.74 GiB,932 MiB,11.1 MiB
2026-06-04 21:16:00,1.76 GiB,2.75 GiB,932 MiB,11.1 MiB
2026-06-04 21:16:30,1.76 GiB,2.76 GiB,932 MiB,11.1 MiB
2026-06-04 21:17:00,1.76 GiB,2.76 GiB,932 MiB,11.1 MiB
2026-06-04 21:17:30,1.76 GiB,2.72 GiB,932 MiB,11.1 MiB
2026-06-04 21:18:00,1.76 GiB,2.70 GiB,932 MiB,11.1 MiB
2026-06-04 21:18:30,1.76 GiB,2.69 GiB,932 MiB,11.1 MiB
2026-06-04 21:19:00,1.77 GiB,2.70 GiB,937 MiB,11.1 MiB
2026-06-04 21:19:30,1.77 GiB,2.71 GiB,937 MiB,11.1 MiB
2026-06-04 21:20:00,1.77 GiB,2.85 GiB,938 MiB,11.1 MiB
2026-06-04 21:20:30,1.77 GiB,2.77 GiB,938 MiB,11.1 MiB
2026-06-04 21:21:00,1.77 GiB,2.75 GiB,938 MiB,11.1 MiB
2026-06-04 21:21:30,1.77 GiB,2.74 GiB,938 MiB,11.1 MiB
2026-06-04 21:22:00,1.77 GiB,2.74 GiB,938 MiB,11.1 MiB
2026-06-04 21:22:30,1.78 GiB,2.84 GiB,938 MiB,11.1 MiB
2026-06-04 21:23:00,1.78 GiB,2.75 GiB,938 MiB,11.1 MiB
2026-06-04 21:23:30,1.78 GiB,2.73 GiB,939 MiB,11.1 MiB
2026-06-04 21:24:00,1.78 GiB,2.73 GiB,939 MiB,11.1 MiB
2026-06-04 21:24:30,1.78 GiB,2.73 GiB,939 MiB,11.1 MiB
2026-06-04 21:25:00,1.78 GiB,2.78 GiB,939 MiB,11.1 MiB
2026-06-04 21:25:30,1.78 GiB,2.80 GiB,939 MiB,11.1 MiB