"Time","Process Forks per second"
2026-06-04 15:41:00,10.8 ops/s
2026-06-04 15:41:30,9.69 ops/s
2026-06-04 15:42:00,12.0 ops/s
2026-06-04 15:42:30,6.29 ops/s
2026-06-04 15:43:00,8.48 ops/s
2026-06-04 15:43:30,5.99 ops/s
2026-06-04 15:44:00,6.16 ops/s
2026-06-04 15:44:30,3.56 ops/s
2026-06-04 15:45:00,3.83 ops/s
2026-06-04 15:45:30,3.63 ops/s
2026-06-04 15:46:00,6.23 ops/s
2026-06-04 15:46:30,5.91 ops/s
2026-06-04 15:47:00,6.11 ops/s
2026-06-04 15:47:30,3.71 ops/s
2026-06-04 15:48:00,3.88 ops/s
2026-06-04 15:48:30,3.68 ops/s
2026-06-04 15:49:00,3.78 ops/s
2026-06-04 15:49:30,3.62 ops/s
2026-06-04 15:50:00,3.88 ops/s
2026-06-04 15:50:30,3.71 ops/s
2026-06-04 15:51:00,3.89 ops/s
2026-06-04 15:51:30,5.88 ops/s
2026-06-04 15:52:00,6.40 ops/s
2026-06-04 15:52:30,6.23 ops/s
2026-06-04 15:53:00,4.17 ops/s
2026-06-04 15:53:30,3.59 ops/s
2026-06-04 15:54:00,3.78 ops/s
2026-06-04 15:54:30,3.56 ops/s
2026-06-04 15:55:00,3.86 ops/s
2026-06-04 15:55:30,3.64 ops/s
2026-06-04 15:56:00,3.87 ops/s
2026-06-04 15:56:30,3.59 ops/s
2026-06-04 15:57:00,3.79 ops/s
2026-06-04 15:57:30,3.58 ops/s
2026-06-04 15:58:00,3.79 ops/s
2026-06-04 15:58:30,3.62 ops/s
2026-06-04 15:59:00,3.82 ops/s
2026-06-04 15:59:30,3.60 ops/s
2026-06-04 16:00:00,3.92 ops/s
2026-06-04 16:00:30,3.73 ops/s
2026-06-04 16:01:00,3.92 ops/s
2026-06-04 16:01:30,3.59 ops/s
2026-06-04 16:02:00,3.73 ops/s
2026-06-04 16:02:30,5.81 ops/s
2026-06-04 16:03:00,5.97 ops/s
2026-06-04 16:03:30,5.78 ops/s
2026-06-04 16:04:00,3.71 ops/s
2026-06-04 16:04:30,3.54 ops/s
2026-06-04 16:05:00,3.88 ops/s
2026-06-04 16:05:30,3.67 ops/s
2026-06-04 16:06:00,3.63 ops/s
2026-06-04 16:06:30,3.34 ops/s
2026-06-04 16:07:00,3.91 ops/s
2026-06-04 16:07:30,3.92 ops/s
2026-06-04 16:08:00,4.09 ops/s
2026-06-04 16:08:30,3.52 ops/s
2026-06-04 16:09:00,3.73 ops/s
2026-06-04 16:09:30,3.57 ops/s
2026-06-04 16:10:00,3.82 ops/s
2026-06-04 16:10:30,3.63 ops/s
2026-06-04 16:11:00,3.79 ops/s
2026-06-04 16:11:30,3.54 ops/s
2026-06-04 16:12:00,3.72 ops/s
2026-06-04 16:12:30,3.59 ops/s
2026-06-04 16:13:00,3.74 ops/s
2026-06-04 16:13:30,3.56 ops/s
2026-06-04 16:14:00,3.72 ops/s
2026-06-04 16:14:30,3.56 ops/s
2026-06-04 16:15:00,3.80 ops/s
2026-06-04 16:15:30,3.60 ops/s
2026-06-04 16:16:00,3.81 ops/s
2026-06-04 16:16:30,3.58 ops/s
2026-06-04 16:17:00,3.76 ops/s
2026-06-04 16:17:30,3.54 ops/s
2026-06-04 16:18:00,3.73 ops/s
2026-06-04 16:18:30,3.53 ops/s
2026-06-04 16:19:00,6.02 ops/s
2026-06-04 16:19:30,5.82 ops/s
2026-06-04 16:20:00,6.11 ops/s
2026-06-04 16:20:30,3.67 ops/s
2026-06-04 16:21:00,3.88 ops/s
2026-06-04 16:21:30,3.61 ops/s
2026-06-04 16:22:00,4.13 ops/s
2026-06-04 16:22:30,3.91 ops/s
2026-06-04 16:23:00,4.11 ops/s
2026-06-04 16:23:30,3.54 ops/s
2026-06-04 16:24:00,3.74 ops/s
2026-06-04 16:24:30,3.54 ops/s
2026-06-04 16:25:00,3.80 ops/s
2026-06-04 16:25:30,3.59 ops/s
2026-06-04 16:26:00,3.78 ops/s
2026-06-04 16:26:30,3.56 ops/s
2026-06-04 16:27:00,3.57 ops/s
2026-06-04 16:27:30,3.37 ops/s
2026-06-04 16:28:00,3.53 ops/s
2026-06-04 16:28:30,3.59 ops/s
2026-06-04 16:29:00,3.79 ops/s
2026-06-04 16:29:30,3.57 ops/s
2026-06-04 16:30:00,3.80 ops/s
2026-06-04 16:30:30,3.60 ops/s
2026-06-04 16:31:00,3.83 ops/s
2026-06-04 16:31:30,3.56 ops/s
2026-06-04 16:32:00,3.72 ops/s
2026-06-04 16:32:30,3.51 ops/s
2026-06-04 16:33:00,3.67 ops/s
2026-06-04 16:33:30,3.49 ops/s
2026-06-04 16:34:00,3.68 ops/s
2026-06-04 16:34:30,3.50 ops/s
2026-06-04 16:35:00,3.79 ops/s
2026-06-04 16:35:30,5.90 ops/s
2026-06-04 16:36:00,6.09 ops/s
2026-06-04 16:36:30,5.83 ops/s
2026-06-04 16:37:00,4.07 ops/s
2026-06-04 16:37:30,3.91 ops/s
2026-06-04 16:38:00,4.08 ops/s
2026-06-04 16:38:30,3.54 ops/s
2026-06-04 16:39:00,3.70 ops/s
2026-06-04 16:39:30,3.54 ops/s
2026-06-04 16:40:00,3.87 ops/s
2026-06-04 16:40:30,4.02 ops/s
2026-06-04 16:41:00,4.18 ops/s
2026-06-04 16:41:30,3.84 ops/s
2026-06-04 16:42:00,3.71 ops/s
2026-06-04 16:42:30,3.52 ops/s
2026-06-04 16:43:00,3.72 ops/s
2026-06-04 16:43:30,3.50 ops/s
2026-06-04 16:44:00,3.68 ops/s
2026-06-04 16:44:30,3.52 ops/s
2026-06-04 16:45:00,3.81 ops/s
2026-06-04 16:45:30,3.64 ops/s
2026-06-04 16:46:00,3.81 ops/s
2026-06-04 16:46:30,3.54 ops/s
2026-06-04 16:47:00,3.73 ops/s
2026-06-04 16:47:30,3.56 ops/s
2026-06-04 16:48:00,3.58 ops/s
2026-06-04 16:48:30,3.40 ops/s
2026-06-04 16:49:00,3.59 ops/s
2026-06-04 16:49:30,3.59 ops/s
2026-06-04 16:50:00,3.82 ops/s
2026-06-04 16:50:30,3.66 ops/s
2026-06-04 16:51:00,3.80 ops/s
2026-06-04 16:51:30,3.53 ops/s
2026-06-04 16:52:00,4.06 ops/s
2026-06-04 16:52:30,6.20 ops/s
2026-06-04 16:53:00,6.37 ops/s
2026-06-04 16:53:30,5.79 ops/s
2026-06-04 16:54:00,3.64 ops/s
2026-06-04 16:54:30,3.47 ops/s
2026-06-04 16:55:00,3.77 ops/s
2026-06-04 16:55:30,3.62 ops/s
2026-06-04 16:56:00,3.83 ops/s
2026-06-04 16:56:30,3.53 ops/s
2026-06-04 16:57:00,3.69 ops/s
2026-06-04 16:57:30,3.54 ops/s
2026-06-04 16:58:00,3.76 ops/s
2026-06-04 16:58:30,3.58 ops/s
2026-06-04 16:59:00,3.72 ops/s
2026-06-04 16:59:30,3.53 ops/s
2026-06-04 17:00:00,3.78 ops/s
2026-06-04 17:00:30,3.62 ops/s
2026-06-04 17:01:00,3.82 ops/s
2026-06-04 17:01:30,3.59 ops/s
2026-06-04 17:02:00,3.73 ops/s
2026-06-04 17:02:30,3.52 ops/s
2026-06-04 17:03:00,3.71 ops/s
2026-06-04 17:03:30,3.54 ops/s
2026-06-04 17:04:00,3.73 ops/s
2026-06-04 17:04:30,3.56 ops/s
2026-06-04 17:05:00,3.83 ops/s
2026-06-04 17:05:30,3.67 ops/s
2026-06-04 17:06:00,3.82 ops/s
2026-06-04 17:06:30,3.56 ops/s
2026-06-04 17:07:00,4.07 ops/s
2026-06-04 17:07:30,3.72 ops/s
2026-06-04 17:08:00,3.88 ops/s
2026-06-04 17:08:30,3.39 ops/s
2026-06-04 17:09:00,5.99 ops/s
2026-06-04 17:09:30,5.80 ops/s
2026-06-04 17:10:00,6.01 ops/s
2026-06-04 17:10:30,3.59 ops/s
2026-06-04 17:11:00,3.77 ops/s
2026-06-04 17:11:30,3.51 ops/s
2026-06-04 17:12:00,3.69 ops/s
2026-06-04 17:12:30,3.57 ops/s
2026-06-04 17:13:00,3.73 ops/s
2026-06-04 17:13:30,3.59 ops/s
2026-06-04 17:14:00,3.73 ops/s
2026-06-04 17:14:30,3.58 ops/s
2026-06-04 17:15:00,3.81 ops/s
2026-06-04 17:15:30,3.69 ops/s
2026-06-04 17:16:00,3.87 ops/s
2026-06-04 17:16:30,3.60 ops/s
2026-06-04 17:17:00,3.70 ops/s
2026-06-04 17:17:30,3.52 ops/s
2026-06-04 17:18:00,3.70 ops/s
2026-06-04 17:18:30,3.53 ops/s
2026-06-04 17:19:00,3.68 ops/s
2026-06-04 17:19:30,3.49 ops/s
2026-06-04 17:20:00,3.76 ops/s
2026-06-04 17:20:30,3.63 ops/s
2026-06-04 17:21:00,3.82 ops/s
2026-06-04 17:21:30,3.56 ops/s
2026-06-04 17:22:00,4.08 ops/s
2026-06-04 17:22:30,3.90 ops/s
2026-06-04 17:23:00,4.09 ops/s
2026-06-04 17:23:30,3.51 ops/s
2026-06-04 17:24:00,3.67 ops/s
2026-06-04 17:24:30,3.48 ops/s
2026-06-04 17:25:00,3.73 ops/s
2026-06-04 17:25:30,5.86 ops/s
2026-06-04 17:26:00,6.08 ops/s
2026-06-04 17:26:30,5.84 ops/s
2026-06-04 17:27:00,3.56 ops/s
2026-06-04 17:27:30,3.36 ops/s
2026-06-04 17:28:00,3.51 ops/s
2026-06-04 17:28:30,3.54 ops/s
2026-06-04 17:29:00,3.68 ops/s
2026-06-04 17:29:30,3.51 ops/s
2026-06-04 17:30:00,3.80 ops/s
2026-06-04 17:30:30,3.67 ops/s
2026-06-04 17:31:00,3.87 ops/s
2026-06-04 17:31:30,3.54 ops/s
2026-06-04 17:32:00,3.71 ops/s
2026-06-04 17:32:30,3.53 ops/s
2026-06-04 17:33:00,3.71 ops/s
2026-06-04 17:33:30,3.52 ops/s
2026-06-04 17:34:00,3.70 ops/s
2026-06-04 17:34:30,3.52 ops/s
2026-06-04 17:35:00,3.84 ops/s
2026-06-04 17:35:30,3.66 ops/s
2026-06-04 17:36:00,3.90 ops/s
2026-06-04 17:36:30,3.58 ops/s
2026-06-04 17:37:00,4.12 ops/s
2026-06-04 17:37:30,3.88 ops/s
2026-06-04 17:38:00,4.04 ops/s
2026-06-04 17:38:30,3.51 ops/s
2026-06-04 17:39:00,3.73 ops/s
2026-06-04 17:39:30,3.61 ops/s
2026-06-04 17:40:00,4.20 ops/s
2026-06-04 17:40:30,4.32 ops/s
2026-06-04 17:41:00,4.47 ops/s
2026-06-04 17:41:30,3.86 ops/s
2026-06-04 17:42:00,3.70 ops/s
2026-06-04 17:42:30,5.77 ops/s
2026-06-04 17:43:00,5.94 ops/s
2026-06-04 17:43:30,5.78 ops/s
2026-06-04 17:44:00,3.71 ops/s
2026-06-04 17:44:30,3.53 ops/s
2026-06-04 17:45:00,3.76 ops/s
2026-06-04 17:45:30,3.58 ops/s
2026-06-04 17:46:00,3.61 ops/s
2026-06-04 17:46:30,14.7 ops/s
2026-06-04 17:47:00,14.9 ops/s
2026-06-04 17:47:30,14.9 ops/s
2026-06-04 17:48:00,3.77 ops/s
2026-06-04 17:48:30,3.57 ops/s
2026-06-04 17:49:00,3.76 ops/s
2026-06-04 17:49:30,3.56 ops/s
2026-06-04 17:50:00,6.19 ops/s
2026-06-04 17:50:30,5.99 ops/s
2026-06-04 17:51:00,6.23 ops/s
2026-06-04 17:51:30,3.54 ops/s
2026-06-04 17:52:00,4.11 ops/s
2026-06-04 17:52:30,6.87 ops/s
2026-06-04 17:53:00,10.4 ops/s
2026-06-04 17:53:30,16.4 ops/s
2026-06-04 17:54:00,19.4 ops/s
2026-06-04 17:54:30,20.6 ops/s
2026-06-04 17:55:00,19.0 ops/s
2026-06-04 17:55:30,17.0 ops/s
2026-06-04 17:56:00,15.1 ops/s
2026-06-04 17:56:30,16.7 ops/s
2026-06-04 17:57:00,15.5 ops/s
2026-06-04 17:57:30,14.3 ops/s
2026-06-04 17:58:00,10.9 ops/s
2026-06-04 17:58:30,10.6 ops/s
2026-06-04 17:59:00,12.2 ops/s
2026-06-04 17:59:30,12.4 ops/s
2026-06-04 18:00:00,13.0 ops/s
2026-06-04 18:00:30,11.7 ops/s
2026-06-04 18:01:00,11.9 ops/s
2026-06-04 18:01:30,10.6 ops/s
2026-06-04 18:02:00,10.5 ops/s
2026-06-04 18:02:30,9.03 ops/s
2026-06-04 18:03:00,9.00 ops/s
2026-06-04 18:03:30,8.76 ops/s
2026-06-04 18:04:00,7.04 ops/s
2026-06-04 18:04:30,5.31 ops/s
2026-06-04 18:05:00,5.06 ops/s
2026-06-04 18:05:30,7.33 ops/s
2026-06-04 18:06:00,12.1 ops/s
2026-06-04 18:06:30,12.7 ops/s
2026-06-04 18:07:00,12.1 ops/s
2026-06-04 18:07:30,8.01 ops/s
2026-06-04 18:08:00,6.26 ops/s
2026-06-04 18:08:30,6.12 ops/s
2026-06-04 18:09:00,8.26 ops/s
2026-06-04 18:09:30,8.22 ops/s
2026-06-04 18:10:00,7.81 ops/s
2026-06-04 18:10:30,6.38 ops/s
2026-06-04 18:11:00,7.98 ops/s
2026-06-04 18:11:30,7.91 ops/s
2026-06-04 18:12:00,9.30 ops/s
2026-06-04 18:12:30,8.48 ops/s
2026-06-04 18:13:00,9.75 ops/s
2026-06-04 18:13:30,8.48 ops/s
2026-06-04 18:14:00,9.11 ops/s
2026-06-04 18:14:30,8.40 ops/s
2026-06-04 18:15:00,8.15 ops/s
2026-06-04 18:15:30,8.95 ops/s
2026-06-04 18:16:00,7.35 ops/s
2026-06-04 18:16:30,8.12 ops/s
2026-06-04 18:17:00,7.13 ops/s
2026-06-04 18:17:30,7.66 ops/s
2026-06-04 18:18:00,7.87 ops/s
2026-06-04 18:18:30,8.60 ops/s
2026-06-04 18:19:00,10.1 ops/s
2026-06-04 18:19:30,10.1 ops/s
2026-06-04 18:20:00,9.94 ops/s
2026-06-04 18:20:30,10.6 ops/s
2026-06-04 18:21:00,9.07 ops/s
2026-06-04 18:21:30,7.48 ops/s
2026-06-04 18:22:00,5.78 ops/s
2026-06-04 18:22:30,5.91 ops/s
2026-06-04 18:23:00,5.59 ops/s
2026-06-04 18:23:30,5.32 ops/s
2026-06-04 18:24:00,5.34 ops/s
2026-06-04 18:24:30,6.03 ops/s
2026-06-04 18:25:00,8.42 ops/s
2026-06-04 18:25:30,9.06 ops/s
2026-06-04 18:26:00,9.51 ops/s
2026-06-04 18:26:30,7.16 ops/s
2026-06-04 18:27:00,6.86 ops/s
2026-06-04 18:27:30,5.69 ops/s
2026-06-04 18:28:00,5.63 ops/s
2026-06-04 18:28:30,4.50 ops/s
2026-06-04 18:29:00,4.58 ops/s
2026-06-04 18:29:30,3.62 ops/s
2026-06-04 18:30:00,3.88 ops/s
2026-06-04 18:30:30,3.70 ops/s
2026-06-04 18:31:00,4.56 ops/s
2026-06-04 18:31:30,5.36 ops/s
2026-06-04 18:32:00,5.58 ops/s
2026-06-04 18:32:30,7.00 ops/s
2026-06-04 18:33:00,6.28 ops/s
2026-06-04 18:33:30,6.06 ops/s
2026-06-04 18:34:00,3.98 ops/s
2026-06-04 18:34:30,3.68 ops/s
2026-06-04 18:35:00,3.90 ops/s
2026-06-04 18:35:30,3.68 ops/s
2026-06-04 18:36:00,3.77 ops/s
2026-06-04 18:36:30,3.49 ops/s
2026-06-04 18:37:00,4.12 ops/s
2026-06-04 18:37:30,4.01 ops/s
2026-06-04 18:38:00,4.19 ops/s
2026-06-04 18:38:30,3.59 ops/s
2026-06-04 18:39:00,3.71 ops/s
2026-06-04 18:39:30,3.60 ops/s
2026-06-04 18:40:00,4.20 ops/s
2026-06-04 18:40:30,4.03 ops/s
2026-06-04 18:41:00,4.18 ops/s
2026-06-04 18:41:30,3.59 ops/s
2026-06-04 18:42:00,3.77 ops/s
2026-06-04 18:42:30,3.62 ops/s
2026-06-04 18:43:00,3.79 ops/s
2026-06-04 18:43:30,3.62 ops/s
2026-06-04 18:44:00,3.78 ops/s
2026-06-04 18:44:30,3.59 ops/s
2026-06-04 18:45:00,3.81 ops/s
2026-06-04 18:45:30,3.69 ops/s
2026-06-04 18:46:00,3.70 ops/s
2026-06-04 18:46:30,3.49 ops/s
2026-06-04 18:47:00,3.58 ops/s
2026-06-04 18:47:30,3.58 ops/s
2026-06-04 18:48:00,3.72 ops/s
2026-06-04 18:48:30,3.59 ops/s
2026-06-04 18:49:00,6.03 ops/s
2026-06-04 18:49:30,5.87 ops/s
2026-06-04 18:50:00,6.13 ops/s
2026-06-04 18:50:30,3.69 ops/s
2026-06-04 18:51:00,3.88 ops/s
2026-06-04 18:51:30,3.58 ops/s
2026-06-04 18:52:00,4.13 ops/s
2026-06-04 18:52:30,3.93 ops/s
2026-06-04 18:53:00,4.16 ops/s
2026-06-04 18:53:30,3.60 ops/s
2026-06-04 18:54:00,3.78 ops/s
2026-06-04 18:54:30,3.60 ops/s
2026-06-04 18:55:00,3.84 ops/s
2026-06-04 18:55:30,3.71 ops/s
2026-06-04 18:56:00,3.81 ops/s
2026-06-04 18:56:30,3.56 ops/s
2026-06-04 18:57:00,3.71 ops/s
2026-06-04 18:57:30,3.58 ops/s
2026-06-04 18:58:00,3.74 ops/s
2026-06-04 18:58:30,3.53 ops/s
2026-06-04 18:59:00,3.72 ops/s
2026-06-04 18:59:30,3.54 ops/s
2026-06-04 19:00:00,3.80 ops/s
2026-06-04 19:00:30,3.61 ops/s
2026-06-04 19:01:00,3.80 ops/s
2026-06-04 19:01:30,3.57 ops/s
2026-06-04 19:02:00,3.77 ops/s
2026-06-04 19:02:30,3.58 ops/s
2026-06-04 19:03:00,3.80 ops/s
2026-06-04 19:03:30,3.57 ops/s
2026-06-04 19:04:00,3.73 ops/s
2026-06-04 19:04:30,3.49 ops/s
2026-06-04 19:05:00,3.78 ops/s
2026-06-04 19:05:30,5.68 ops/s
2026-06-04 19:06:00,5.88 ops/s
2026-06-04 19:06:30,5.58 ops/s
2026-06-04 19:07:00,4.04 ops/s
2026-06-04 19:07:30,3.89 ops/s
2026-06-04 19:08:00,4.10 ops/s
2026-06-04 19:08:30,3.56 ops/s
2026-06-04 19:09:00,3.72 ops/s
2026-06-04 19:09:30,3.58 ops/s
2026-06-04 19:10:00,3.81 ops/s
2026-06-04 19:10:30,3.63 ops/s
2026-06-04 19:11:00,3.81 ops/s
2026-06-04 19:11:30,3.59 ops/s
2026-06-04 19:12:00,3.73 ops/s
2026-06-04 19:12:30,3.56 ops/s
2026-06-04 19:13:00,3.77 ops/s
2026-06-04 19:13:30,3.61 ops/s
2026-06-04 19:14:00,3.74 ops/s
2026-06-04 19:14:30,3.53 ops/s
2026-06-04 19:15:00,3.79 ops/s
2026-06-04 19:15:30,3.63 ops/s
2026-06-04 19:16:00,3.82 ops/s
2026-06-04 19:16:30,3.56 ops/s
2026-06-04 19:17:00,3.71 ops/s
2026-06-04 19:17:30,3.58 ops/s
2026-06-04 19:18:00,3.80 ops/s
2026-06-04 19:18:30,3.67 ops/s
2026-06-04 19:19:00,3.79 ops/s
2026-06-04 19:19:30,3.57 ops/s
2026-06-04 19:20:00,3.77 ops/s
2026-06-04 19:20:30,3.60 ops/s
2026-06-04 19:21:00,3.79 ops/s
2026-06-04 19:21:30,3.54 ops/s
2026-06-04 19:22:00,4.10 ops/s
2026-06-04 19:22:30,6.21 ops/s
2026-06-04 19:23:00,6.40 ops/s
2026-06-04 19:23:30,5.87 ops/s
2026-06-04 19:24:00,3.80 ops/s
2026-06-04 19:24:30,3.60 ops/s
2026-06-04 19:25:00,3.82 ops/s
2026-06-04 19:25:30,3.42 ops/s
2026-06-04 19:26:00,3.62 ops/s
2026-06-04 19:26:30,3.38 ops/s
2026-06-04 19:27:00,3.76 ops/s
2026-06-04 19:27:30,3.57 ops/s
2026-06-04 19:28:00,3.72 ops/s
2026-06-04 19:28:30,3.51 ops/s
2026-06-04 19:29:00,3.77 ops/s
2026-06-04 19:29:30,3.61 ops/s
2026-06-04 19:30:00,3.90 ops/s
2026-06-04 19:30:30,3.64 ops/s
2026-06-04 19:31:00,3.83 ops/s
2026-06-04 19:31:30,3.57 ops/s
2026-06-04 19:32:00,4.10 ops/s
2026-06-04 19:32:30,3.94 ops/s
2026-06-04 19:33:00,4.18 ops/s
2026-06-04 19:33:30,3.68 ops/s
2026-06-04 19:34:00,3.79 ops/s
2026-06-04 19:34:30,3.54 ops/s
2026-06-04 19:35:00,3.76 ops/s
2026-06-04 19:35:30,3.60 ops/s
2026-06-04 19:36:00,3.79 ops/s
2026-06-04 19:36:30,3.54 ops/s
2026-06-04 19:37:00,4.07 ops/s
2026-06-04 19:37:30,3.90 ops/s
2026-06-04 19:38:00,4.10 ops/s
2026-06-04 19:38:30,3.54 ops/s
2026-06-04 19:39:00,5.96 ops/s
2026-06-04 19:39:30,5.74 ops/s
2026-06-04 19:40:00,6.39 ops/s
2026-06-04 19:40:30,3.99 ops/s
2026-06-04 19:41:00,4.20 ops/s
2026-06-04 19:41:30,3.59 ops/s
2026-06-04 19:42:00,3.73 ops/s
2026-06-04 19:42:30,3.54 ops/s
2026-06-04 19:43:00,3.70 ops/s
2026-06-04 19:43:30,3.50 ops/s
2026-06-04 19:44:00,3.70 ops/s
2026-06-04 19:44:30,3.37 ops/s
2026-06-04 19:45:00,3.63 ops/s
2026-06-04 19:45:30,3.41 ops/s
2026-06-04 19:46:00,3.79 ops/s
2026-06-04 19:46:30,3.57 ops/s
2026-06-04 19:47:00,3.77 ops/s
2026-06-04 19:47:30,3.57 ops/s
2026-06-04 19:48:00,3.73 ops/s
2026-06-04 19:48:30,3.53 ops/s
2026-06-04 19:49:00,3.71 ops/s
2026-06-04 19:49:30,3.51 ops/s
2026-06-04 19:50:00,3.79 ops/s
2026-06-04 19:50:30,3.64 ops/s
2026-06-04 19:51:00,3.81 ops/s
2026-06-04 19:51:30,3.61 ops/s
2026-06-04 19:52:00,4.12 ops/s
2026-06-04 19:52:30,3.96 ops/s
2026-06-04 19:53:00,4.09 ops/s
2026-06-04 19:53:30,3.52 ops/s
2026-06-04 19:54:00,3.72 ops/s
2026-06-04 19:54:30,3.51 ops/s
2026-06-04 19:55:00,3.78 ops/s
2026-06-04 19:55:30,5.90 ops/s
2026-06-04 19:56:00,8.86 ops/s
2026-06-04 19:56:30,11.6 ops/s
2026-06-04 19:57:00,18.7 ops/s
2026-06-04 19:57:30,19.5 ops/s
2026-06-04 19:58:00,18.7 ops/s
2026-06-04 19:58:30,11.6 ops/s
2026-06-04 19:59:00,9.89 ops/s
2026-06-04 19:59:30,9.70 ops/s
2026-06-04 20:00:00,9.24 ops/s
2026-06-04 20:00:30,9.52 ops/s
2026-06-04 20:01:00,9.20 ops/s
2026-06-04 20:01:30,8.61 ops/s
2026-06-04 20:02:00,7.09 ops/s
2026-06-04 20:02:30,5.82 ops/s
2026-06-04 20:03:00,4.83 ops/s
2026-06-04 20:03:30,4.51 ops/s
2026-06-04 20:04:00,4.30 ops/s
2026-06-04 20:04:30,4.40 ops/s
2026-06-04 20:05:00,4.34 ops/s
2026-06-04 20:05:30,4.47 ops/s
2026-06-04 20:06:00,4.34 ops/s
2026-06-04 20:06:30,4.28 ops/s
2026-06-04 20:07:00,4.57 ops/s
2026-06-04 20:07:30,4.69 ops/s
2026-06-04 20:08:00,4.63 ops/s
2026-06-04 20:08:30,4.40 ops/s
2026-06-04 20:09:00,4.24 ops/s
2026-06-04 20:09:30,4.33 ops/s
2026-06-04 20:10:00,4.22 ops/s
2026-06-04 20:10:30,4.46 ops/s
2026-06-04 20:11:00,4.34 ops/s
2026-06-04 20:11:30,4.44 ops/s
2026-06-04 20:12:00,4.28 ops/s
2026-06-04 20:12:30,6.61 ops/s
2026-06-04 20:13:00,6.51 ops/s
2026-06-04 20:13:30,6.58 ops/s
2026-06-04 20:14:00,4.28 ops/s
2026-06-04 20:14:30,4.31 ops/s
2026-06-04 20:15:00,4.28 ops/s
2026-06-04 20:15:30,4.40 ops/s
2026-06-04 20:16:00,4.31 ops/s
2026-06-04 20:16:30,4.32 ops/s
2026-06-04 20:17:00,4.18 ops/s
2026-06-04 20:17:30,4.32 ops/s
2026-06-04 20:18:00,4.20 ops/s
2026-06-04 20:18:30,4.33 ops/s
2026-06-04 20:19:00,4.12 ops/s
2026-06-04 20:19:30,4.31 ops/s
2026-06-04 20:20:00,4.20 ops/s
2026-06-04 20:20:30,4.43 ops/s
2026-06-04 20:21:00,4.23 ops/s
2026-06-04 20:21:30,4.34 ops/s
2026-06-04 20:22:00,4.34 ops/s
2026-06-04 20:22:30,4.48 ops/s
2026-06-04 20:23:00,4.37 ops/s
2026-06-04 20:23:30,4.26 ops/s
2026-06-04 20:24:00,4.18 ops/s
2026-06-04 20:24:30,4.28 ops/s
2026-06-04 20:25:00,4.28 ops/s
2026-06-04 20:25:30,4.42 ops/s
2026-06-04 20:26:00,4.13 ops/s
2026-06-04 20:26:30,3.98 ops/s
2026-06-04 20:27:00,3.64 ops/s
2026-06-04 20:27:30,3.69 ops/s
2026-06-04 20:28:00,3.56 ops/s
2026-06-04 20:28:30,3.64 ops/s
2026-06-04 20:29:00,5.84 ops/s
2026-06-04 20:29:30,5.99 ops/s
2026-06-04 20:30:00,5.94 ops/s
2026-06-04 20:30:30,3.77 ops/s
2026-06-04 20:31:00,3.64 ops/s
2026-06-04 20:31:30,3.72 ops/s
2026-06-04 20:32:00,3.60 ops/s
2026-06-04 20:32:30,3.70 ops/s
2026-06-04 20:33:00,3.57 ops/s
2026-06-04 20:33:30,3.69 ops/s
2026-06-04 20:34:00,3.58 ops/s
2026-06-04 20:34:30,3.71 ops/s
2026-06-04 20:35:00,3.69 ops/s
2026-06-04 20:35:30,3.83 ops/s
2026-06-04 20:36:00,3.67 ops/s
2026-06-04 20:36:30,3.70 ops/s
2026-06-04 20:37:00,3.94 ops/s
2026-06-04 20:37:30,4.10 ops/s
2026-06-04 20:38:00,3.96 ops/s
2026-06-04 20:38:30,3.69 ops/s
2026-06-04 20:39:00,3.53 ops/s
2026-06-04 20:39:30,3.70 ops/s
2026-06-04 20:40:00,3.98 ops/s
2026-06-04 20:40:30,4.16 ops/s
2026-06-04 20:41:00,3.98 ops/s
2026-06-04 20:41:30,3.74 ops/s
2026-06-04 20:42:00,3.57 ops/s
2026-06-04 20:42:30,3.70 ops/s
2026-06-04 20:43:00,3.36 ops/s
2026-06-04 20:43:30,3.52 ops/s
2026-06-04 20:44:00,3.42 ops/s
2026-06-04 20:44:30,3.76 ops/s
2026-06-04 20:45:00,3.69 ops/s
2026-06-04 20:45:30,6.10 ops/s
2026-06-04 20:46:00,5.94 ops/s
2026-06-04 20:46:30,6.01 ops/s
2026-06-04 20:47:00,3.58 ops/s
2026-06-04 20:47:30,3.71 ops/s
2026-06-04 20:48:00,3.58 ops/s
2026-06-04 20:48:30,3.74 ops/s
2026-06-04 20:49:00,3.62 ops/s
2026-06-04 20:49:30,3.73 ops/s
2026-06-04 20:50:00,3.68 ops/s
2026-06-04 20:50:30,3.80 ops/s
2026-06-04 20:51:00,3.69 ops/s
2026-06-04 20:51:30,3.73 ops/s
2026-06-04 20:52:00,3.98 ops/s
2026-06-04 20:52:30,4.07 ops/s
2026-06-04 20:53:00,3.93 ops/s
2026-06-04 20:53:30,3.69 ops/s
2026-06-04 20:54:00,3.64 ops/s
2026-06-04 20:54:30,3.76 ops/s
2026-06-04 20:55:00,3.71 ops/s
2026-06-04 20:55:30,3.78 ops/s
2026-06-04 20:56:00,3.63 ops/s
2026-06-04 20:56:30,3.68 ops/s
2026-06-04 20:57:00,3.57 ops/s
2026-06-04 20:57:30,3.70 ops/s
2026-06-04 20:58:00,3.59 ops/s
2026-06-04 20:58:30,3.70 ops/s
2026-06-04 20:59:00,3.58 ops/s
2026-06-04 20:59:30,3.70 ops/s
2026-06-04 21:00:00,3.63 ops/s
2026-06-04 21:00:30,3.79 ops/s
2026-06-04 21:01:00,4.00 ops/s
2026-06-04 21:01:30,4.08 ops/s
2026-06-04 21:02:00,3.92 ops/s
2026-06-04 21:02:30,5.99 ops/s
2026-06-04 21:03:00,5.87 ops/s
2026-06-04 21:03:30,5.93 ops/s
2026-06-04 21:04:00,3.41 ops/s
2026-06-04 21:04:30,3.59 ops/s
2026-06-04 21:05:00,3.61 ops/s
2026-06-04 21:05:30,3.84 ops/s
2026-06-04 21:06:00,3.62 ops/s
2026-06-04 21:06:30,3.70 ops/s
2026-06-04 21:07:00,3.91 ops/s
2026-06-04 21:07:30,4.09 ops/s
2026-06-04 21:08:00,3.91 ops/s
2026-06-04 21:08:30,3.70 ops/s
2026-06-04 21:09:00,3.51 ops/s
2026-06-04 21:09:30,3.67 ops/s
2026-06-04 21:10:00,3.61 ops/s
2026-06-04 21:10:30,3.74 ops/s
2026-06-04 21:11:00,3.59 ops/s
2026-06-04 21:11:30,3.63 ops/s
2026-06-04 21:12:00,3.51 ops/s
2026-06-04 21:12:30,3.67 ops/s
2026-06-04 21:13:00,3.53 ops/s
2026-06-04 21:13:30,3.67 ops/s
2026-06-04 21:14:00,3.52 ops/s
2026-06-04 21:14:30,3.67 ops/s
2026-06-04 21:15:00,3.63 ops/s
2026-06-04 21:15:30,3.80 ops/s
2026-06-04 21:16:00,3.67 ops/s
2026-06-04 21:16:30,3.70 ops/s
2026-06-04 21:17:00,3.54 ops/s
2026-06-04 21:17:30,3.71 ops/s
2026-06-04 21:18:00,3.60 ops/s
2026-06-04 21:18:30,3.72 ops/s
2026-06-04 21:19:00,6.08 ops/s
2026-06-04 21:19:30,6.23 ops/s
2026-06-04 21:20:00,6.19 ops/s
2026-06-04 21:20:30,3.82 ops/s
2026-06-04 21:21:00,3.68 ops/s
2026-06-04 21:21:30,3.72 ops/s
2026-06-04 21:22:00,3.94 ops/s
2026-06-04 21:22:30,4.08 ops/s
2026-06-04 21:23:00,3.97 ops/s
2026-06-04 21:23:30,3.73 ops/s
2026-06-04 21:24:00,3.57 ops/s
2026-06-04 21:24:30,3.50 ops/s
2026-06-04 21:25:00,3.41 ops/s
2026-06-04 21:25:30,3.53 ops/s