"Time","sda - General IO","sdb - General IO","sdc - General IO","sdd - General IO","sde - General IO","sda - Discard/TRIM","sdb - Discard/TRIM","sdc - Discard/TRIM","sdd - Discard/TRIM","sde - Discard/TRIM","sda - Flush (write cache)","sdb - Flush (write cache)","sdc - Flush (write cache)","sdd - Flush (write cache)","sde - Flush (write cache)"
2026-06-04 15:41:00,0%,0%,0%,2.26%,0%,0%,0%,0%,0%,0%,0%,0%,0%,0.663%,0%
2026-06-04 15:41:30,0%,0%,0%,2.02%,0%,0%,0%,0%,0%,0%,0%,0%,0%,0.630%,0%
2026-06-04 15:42:00,0%,0%,0%,2.02%,0%,0%,0%,0%,0%,0%,0%,0%,0%,0.659%,0%
2026-06-04 15:42:30,0%,0%,0%,0.764%,0%,0%,0%,0%,0%,0%,0%,0%,0%,0.310%,0%
2026-06-04 15:43:00,0%,0%,0%,0.738%,0%,0%,0%,0%,0%,0%,0%,0%,0%,0.288%,0%
2026-06-04 15:43:30,0%,0%,0%,0.676%,0%,0%,0%,0%,0%,0%,0%,0%,0%,0.264%,0%
2026-06-04 15:44:00,0%,0%,0%,2.04%,0%,0%,0%,0%,0%,0%,0%,0%,0%,0.267%,0%
2026-06-04 15:44:30,0%,0%,0%,2.00%,0%,0%,0%,0%,0%,0%,0%,0%,0%,0.244%,0%
2026-06-04 15:45:00,0%,0%,0%,2.00%,0%,0%,0%,0%,0%,0%,0%,0%,0%,0.238%,0%
2026-06-04 15:45:30,0%,0%,0%,0.676%,0%,0%,0%,0%,0%,0%,0%,0%,0%,0.238%,0%
2026-06-04 15:46:00,0%,0%,0%,0.724%,0%,0%,0%,0%,0%,0%,0%,0%,0%,0.264%,0%
2026-06-04 15:46:30,0%,0%,0%,0.867%,0%,0%,0%,0%,0%,0%,0%,0%,0%,0.348%,0%
2026-06-04 15:47:00,0%,0%,0%,0.822%,0%,0%,0%,0%,0%,0%,0%,0%,0%,0.348%,0%
2026-06-04 15:47:30,0%,0%,0%,0.782%,0%,0%,0%,0%,0%,0%,0%,0%,0%,0.319%,0%
2026-06-04 15:48:00,0%,0%,0%,0.604%,0%,0%,0%,0%,0%,0%,0%,0%,0%,0.223%,0%
2026-06-04 15:48:30,0%,0%,0%,0.658%,0%,0%,0%,0%,0%,0%,0%,0%,0%,0.230%,0%
2026-06-04 15:49:00,0%,0%,0%,0.600%,0%,0%,0%,0%,0%,0%,0%,0%,0%,0.231%,0%
2026-06-04 15:49:30,0%,0%,0%,0.622%,0%,0%,0%,0%,0%,0%,0%,0%,0%,0.237%,0%
2026-06-04 15:50:00,0%,0%,0%,0.591%,0%,0%,0%,0%,0%,0%,0%,0%,0%,0.240%,0%
2026-06-04 15:50:30,0%,0%,0%,0.653%,0%,0%,0%,0%,0%,0%,0%,0%,0%,0.258%,0%
2026-06-04 15:51:00,0%,0%,0%,0.644%,0%,0%,0%,0%,0%,0%,0%,0%,0%,0.272%,0%
2026-06-04 15:51:30,0%,0%,0%,0.707%,0%,0%,0%,0%,0%,0%,0%,0%,0%,0.291%,0%
2026-06-04 15:52:00,0%,0%,0%,0.680%,0%,0%,0%,0%,0%,0%,0%,0%,0%,0.276%,0%
2026-06-04 15:52:30,0%,0%,0%,0.689%,0%,0%,0%,0%,0%,0%,0%,0%,0%,0.266%,0%
2026-06-04 15:53:00,0%,0%,0%,0.658%,0%,0%,0%,0%,0%,0%,0%,0%,0%,0.253%,0%
2026-06-04 15:53:30,0%,0%,0%,0.596%,0%,0%,0%,0%,0%,0%,0%,0%,0%,0.256%,0%
2026-06-04 15:54:00,0%,0%,0%,0.578%,0%,0%,0%,0%,0%,0%,0%,0%,0%,0.256%,0%
2026-06-04 15:54:30,0%,0%,0%,0.511%,0%,0%,0%,0%,0%,0%,0%,0%,0%,0.239%,0%
2026-06-04 15:55:00,0%,0%,0%,0.600%,0%,0%,0%,0%,0%,0%,0%,0%,0%,0.249%,0%
2026-06-04 15:55:30,0%,0%,0%,0.636%,0%,0%,0%,0%,0%,0%,0%,0%,0%,0.246%,0%
2026-06-04 15:56:00,0%,0%,0%,0.693%,0%,0%,0%,0%,0%,0%,0%,0%,0%,0.249%,0%
2026-06-04 15:56:30,0%,0%,0%,0.667%,0%,0%,0%,0%,0%,0%,0%,0%,0%,0.240%,0%
2026-06-04 15:57:00,0%,0%,0%,0.676%,0%,0%,0%,0%,0%,0%,0%,0%,0%,0.242%,0%
2026-06-04 15:57:30,0%,0%,0%,0.645%,0%,0%,0%,0%,0%,0%,0%,0%,0%,0.244%,0%
2026-06-04 15:58:00,0%,0%,0%,0.596%,0%,0%,0%,0%,0%,0%,0%,0%,0%,0.241%,0%
2026-06-04 15:58:30,0%,0%,0%,0.573%,0%,0%,0%,0%,0%,0%,0%,0%,0%,0.241%,0%
2026-06-04 15:59:00,0%,0%,0%,0.578%,0%,0%,0%,0%,0%,0%,0%,0%,0%,0.240%,0%
2026-06-04 15:59:30,0%,0%,0%,0.569%,0%,0%,0%,0%,0%,0%,0%,0%,0%,0.224%,0%
2026-06-04 16:00:00,0%,0%,0%,0.556%,0%,0%,0%,0%,0%,0%,0%,0%,0%,0.223%,0%
2026-06-04 16:00:30,0%,0%,0%,0.587%,0%,0%,0%,0%,0%,0%,0%,0%,0%,0.236%,0%
2026-06-04 16:01:00,0%,0%,0%,0.613%,0%,0%,0%,0%,0%,0%,0%,0%,0%,0.257%,0%
2026-06-04 16:01:30,0%,0%,0%,0.609%,0%,0%,0%,0%,0%,0%,0%,0%,0%,0.260%,0%
2026-06-04 16:02:00,0%,0%,0%,0.560%,0%,0%,0%,0%,0%,0%,0%,0%,0%,0.250%,0%
2026-06-04 16:02:30,0%,0%,0%,0.604%,0%,0%,0%,0%,0%,0%,0%,0%,0%,0.273%,0%
2026-06-04 16:03:00,0%,0%,0%,0.738%,0%,0%,0%,0%,0%,0%,0%,0%,0%,0.337%,0%
2026-06-04 16:03:30,0%,0%,0%,0.769%,0%,0%,0%,0%,0%,0%,0%,0%,0%,0.346%,0%
2026-06-04 16:04:00,0%,0%,0%,0.724%,0%,0%,0%,0%,0%,0%,0%,0%,0%,0.321%,0%
2026-06-04 16:04:30,0%,0%,0%,0.640%,0%,0%,0%,0%,0%,0%,0%,0%,0%,0.253%,0%
2026-06-04 16:05:00,0%,0%,0%,1.44%,0%,0%,0%,0%,0%,0%,0%,0%,0%,0.248%,0%
2026-06-04 16:05:30,0%,0%,0%,1.48%,0%,0%,0%,0%,0%,0%,0%,0%,0%,0.251%,0%
2026-06-04 16:06:00,0%,0%,0%,1.45%,0%,0%,0%,0%,0%,0%,0%,0%,0%,0.253%,0%
2026-06-04 16:06:30,0%,0%,0%,0.622%,0%,0%,0%,0%,0%,0%,0%,0%,0%,0.248%,0%
2026-06-04 16:07:00,0%,0%,0%,0.596%,0%,0%,0%,0%,0%,0%,0%,0%,0%,0.243%,0%
2026-06-04 16:07:30,0%,0%,0%,0.622%,0%,0%,0%,0%,0%,0%,0%,0%,0%,0.250%,0%
2026-06-04 16:08:00,0%,0%,0%,0.644%,0%,0%,0%,0%,0%,0%,0%,0%,0%,0.247%,0%
2026-06-04 16:08:30,0%,0%,0%,0.627%,0%,0%,0%,0%,0%,0%,0%,0%,0%,0.248%,0%
2026-06-04 16:09:00,0%,0%,0%,0.609%,0%,0%,0%,0%,0%,0%,0%,0%,0%,0.243%,0%
2026-06-04 16:09:30,0%,0%,0%,0.604%,0%,0%,0%,0%,0%,0%,0%,0%,0%,0.254%,0%
2026-06-04 16:10:00,0%,0%,0%,0.636%,0%,0%,0%,0%,0%,0%,0%,0%,0%,0.271%,0%
2026-06-04 16:10:30,0%,0%,0%,0.649%,0%,0%,0%,0%,0%,0%,0%,0%,0%,0.276%,0%
2026-06-04 16:11:00,0%,0%,0%,0.698%,0%,0%,0%,0%,0%,0%,0%,0%,0%,0.266%,0%
2026-06-04 16:11:30,0%,0%,0%,0.680%,0%,0%,0%,0%,0%,0%,0%,0%,0%,0.254%,0%
2026-06-04 16:12:00,0%,0%,0%,0.649%,0%,0%,0%,0%,0%,0%,0%,0%,0%,0.247%,0%
2026-06-04 16:12:30,0%,0%,0%,0.613%,0%,0%,0%,0%,0%,0%,0%,0%,0%,0.246%,0%
2026-06-04 16:13:00,0%,0%,0%,0.578%,0%,0%,0%,0%,0%,0%,0%,0%,0%,0.236%,0%
2026-06-04 16:13:30,0%,0%,0%,0.547%,0%,0%,0%,0%,0%,0%,0%,0%,0%,0.238%,0%
2026-06-04 16:14:00,0%,0%,0%,0.533%,0%,0%,0%,0%,0%,0%,0%,0%,0%,0.242%,0%
2026-06-04 16:14:30,0%,0%,0%,0.564%,0%,0%,0%,0%,0%,0%,0%,0%,0%,0.243%,0%
2026-06-04 16:15:00,0%,0%,0%,0.613%,0%,0%,0%,0%,0%,0%,0%,0%,0%,0.251%,0%
2026-06-04 16:15:30,0%,0%,0%,0.653%,0%,0%,0%,0%,0%,0%,0%,0%,0%,0.259%,0%
2026-06-04 16:16:00,0%,0%,0%,0.636%,0%,0%,0%,0%,0%,0%,0%,0%,0%,0.260%,0%
2026-06-04 16:16:30,0%,0%,0%,0.609%,0%,0%,0%,0%,0%,0%,0%,0%,0%,0.252%,0%
2026-06-04 16:17:00,0%,0%,0%,0.587%,0%,0%,0%,0%,0%,0%,0%,0%,0%,0.240%,0%
2026-06-04 16:17:30,0%,0%,0%,0.596%,0%,0%,0%,0%,0%,0%,0%,0%,0%,0.247%,0%
2026-06-04 16:18:00,0%,0%,0%,0.600%,0%,0%,0%,0%,0%,0%,0%,0%,0%,0.249%,0%
2026-06-04 16:18:30,0%,0%,0%,0.582%,0%,0%,0%,0%,0%,0%,0%,0%,0%,0.253%,0%
2026-06-04 16:19:00,0%,0%,0%,0.591%,0%,0%,0%,0%,0%,0%,0%,0%,0%,0.263%,0%
2026-06-04 16:19:30,0%,0%,0%,0.631%,0%,0%,0%,0%,0%,0%,0%,0%,0%,0.294%,0%
2026-06-04 16:20:00,0%,0%,0%,0.658%,0%,0%,0%,0%,0%,0%,0%,0%,0%,0.304%,0%
2026-06-04 16:20:30,0%,0%,0%,0.662%,0%,0%,0%,0%,0%,0%,0%,0%,0%,0.288%,0%
2026-06-04 16:21:00,0%,0%,0%,0.591%,0%,0%,0%,0%,0%,0%,0%,0%,0%,0.251%,0%
2026-06-04 16:21:30,0%,0%,0%,0.560%,0%,0%,0%,0%,0%,0%,0%,0%,0%,0.241%,0%
2026-06-04 16:22:00,0%,0%,0%,0.511%,0%,0%,0%,0%,0%,0%,0%,0%,0%,0.237%,0%
2026-06-04 16:22:30,0%,0%,0%,0.569%,0%,0%,0%,0%,0%,0%,0%,0%,0%,0.250%,0%
2026-06-04 16:23:00,0%,0%,0%,0.569%,0%,0%,0%,0%,0%,0%,0%,0%,0%,0.248%,0%
2026-06-04 16:23:30,0%,0%,0%,0.613%,0%,0%,0%,0%,0%,0%,0%,0%,0%,0.247%,0%
2026-06-04 16:24:00,0%,0%,0%,0.622%,0%,0%,0%,0%,0%,0%,0%,0%,0%,0.233%,0%
2026-06-04 16:24:30,0%,0%,0%,0.667%,0%,0%,0%,0%,0%,0%,0%,0%,0%,0.233%,0%
2026-06-04 16:25:00,0%,0%,0%,0.698%,0%,0%,0%,0%,0%,0%,0%,0%,0%,0.241%,0%
2026-06-04 16:25:30,0%,0%,0%,0.644%,0%,0%,0%,0%,0%,0%,0%,0%,0%,0.244%,0%
2026-06-04 16:26:00,0%,0%,0%,0.676%,0%,0%,0%,0%,0%,0%,0%,0%,0%,0.257%,0%
2026-06-04 16:26:30,0%,0%,0%,0.702%,0%,0%,0%,0%,0%,0%,0%,0%,0%,0.259%,0%
2026-06-04 16:27:00,0%,0%,0%,0.716%,0%,0%,0%,0%,0%,0%,0%,0%,0%,0.257%,0%
2026-06-04 16:27:30,0%,0%,0%,0.604%,0%,0%,0%,0%,0%,0%,0%,0%,0%,0.241%,0%
2026-06-04 16:28:00,0%,0%,0%,0.573%,0%,0%,0%,0%,0%,0%,0%,0%,0%,0.240%,0%
2026-06-04 16:28:30,0%,0%,0%,0.600%,0%,0%,0%,0%,0%,0%,0%,0%,0%,0.243%,0%
2026-06-04 16:29:00,0%,0%,0%,0.729%,0%,0%,0%,0%,0%,0%,0%,0%,0%,0.300%,0%
2026-06-04 16:29:30,0%,0%,0%,0.738%,0%,0%,0%,0%,0%,0%,0%,0%,0%,0.313%,0%
2026-06-04 16:30:00,0%,0%,0%,0.813%,0%,0%,0%,0%,0%,0%,0%,0%,0%,0.332%,0%
2026-06-04 16:30:30,0%,0%,0%,0.680%,0%,0%,0%,0%,0%,0%,0%,0%,0%,0.266%,0%
2026-06-04 16:31:00,0%,0%,0%,0.613%,0%,0%,0%,0%,0%,0%,0%,0%,0%,0.237%,0%
2026-06-04 16:31:30,0%,0%,0%,0.520%,0%,0%,0%,0%,0%,0%,0%,0%,0%,0.200%,0%
2026-06-04 16:32:00,0%,0%,0%,0.600%,0%,0%,0%,0%,0%,0%,0%,0%,0%,0.207%,0%
2026-06-04 16:32:30,0%,0%,0%,0.618%,0%,0%,0%,0%,0%,0%,0%,0%,0%,0.208%,0%
2026-06-04 16:33:00,0%,0%,0%,0.649%,0%,0%,0%,0%,0%,0%,0%,0%,0%,0.213%,0%
2026-06-04 16:33:30,0%,0%,0%,0.649%,0%,0%,0%,0%,0%,0%,0%,0%,0%,0.228%,0%
2026-06-04 16:34:00,0%,0%,0%,0.724%,0%,0%,0%,0%,0%,0%,0%,0%,0%,0.228%,0%
2026-06-04 16:34:30,0%,0%,0%,0.702%,0%,0%,0%,0%,0%,0%,0%,0%,0%,0.232%,0%
2026-06-04 16:35:00,0%,0%,0%,0.644%,0%,0%,0%,0%,0%,0%,0%,0%,0%,0.221%,0%
2026-06-04 16:35:30,0%,0%,0%,0.618%,0%,0%,0%,0%,0%,0%,0%,0%,0%,0.249%,0%
2026-06-04 16:36:00,0%,0%,0%,0.631%,0%,0%,0%,0%,0%,0%,0%,0%,0%,0.254%,0%
2026-06-04 16:36:30,0%,0%,0%,0.902%,0%,0%,0%,0%,0%,0%,0%,0%,0%,0.318%,0%
2026-06-04 16:37:00,0%,0%,0%,0.840%,0%,0%,0%,0%,0%,0%,0%,0%,0%,0.302%,0%
2026-06-04 16:37:30,0%,0%,0%,0.858%,0%,0%,0%,0%,0%,0%,0%,0%,0%,0.309%,0%
2026-06-04 16:38:00,0%,0%,0%,0.622%,0%,0%,0%,0%,0%,0%,0%,0%,0%,0.251%,0%
2026-06-04 16:38:30,0%,0%,0%,0.618%,0%,0%,0%,0%,0%,0%,0%,0%,0%,0.256%,0%
2026-06-04 16:39:00,0%,0%,0%,0.524%,0%,0%,0%,0%,0%,0%,0%,0%,0%,0.227%,0%
2026-06-04 16:39:30,0%,0%,0%,0.520%,0%,0%,0%,0%,0%,0%,0%,0%,0%,0.227%,0%
2026-06-04 16:40:00,0%,0%,0%,0.569%,0%,0%,0%,0%,0%,0%,0%,0%,0%,0.271%,0%
2026-06-04 16:40:30,0%,0%,0%,0.631%,0%,0%,0%,0%,0%,0%,0%,0%,0%,0.308%,0%
2026-06-04 16:41:00,0%,0%,0%,0.724%,0%,0%,0%,0%,0%,0%,0%,0%,0%,0.353%,0%
2026-06-04 16:41:30,0%,0%,0%,0.707%,0%,0%,0%,0%,0%,0%,0%,0%,0%,0.303%,0%
2026-06-04 16:42:00,0%,0%,0%,0.720%,0%,0%,0%,0%,0%,0%,0%,0%,0%,0.290%,0%
2026-06-04 16:42:30,0%,0%,0%,0.573%,0%,0%,0%,0%,0%,0%,0%,0%,0%,0.241%,0%
2026-06-04 16:43:00,0%,0%,0%,0.582%,0%,0%,0%,0%,0%,0%,0%,0%,0%,0.248%,0%
2026-06-04 16:43:30,0%,0%,0%,0.578%,0%,0%,0%,0%,0%,0%,0%,0%,0%,0.250%,0%
2026-06-04 16:44:00,0%,0%,0%,0.667%,0%,0%,0%,0%,0%,0%,0%,0%,0%,0.251%,0%
2026-06-04 16:44:30,0%,0%,0%,0.653%,0%,0%,0%,0%,0%,0%,0%,0%,0%,0.249%,0%
2026-06-04 16:45:00,0%,0%,0%,1.22%,0%,0%,0%,0%,0%,0%,0%,0%,0%,0.252%,0%
2026-06-04 16:45:30,0%,0%,0%,1.15%,0%,0%,0%,0%,0%,0%,0%,0%,0%,0.244%,0%
2026-06-04 16:46:00,0%,0%,0%,1.15%,0%,0%,0%,0%,0%,0%,0%,0%,0%,0.239%,0%
2026-06-04 16:46:30,0%,0%,0%,0.604%,0%,0%,0%,0%,0%,0%,0%,0%,0%,0.244%,0%
2026-06-04 16:47:00,0%,0%,0%,0.640%,0%,0%,0%,0%,0%,0%,0%,0%,0%,0.253%,0%
2026-06-04 16:47:30,0%,0%,0%,0.680%,0%,0%,0%,0%,0%,0%,0%,0%,0%,0.259%,0%
2026-06-04 16:48:00,0%,0%,0%,0.662%,0%,0%,0%,0%,0%,0%,0%,0%,0%,0.253%,0%
2026-06-04 16:48:30,0%,0%,0%,0.769%,0%,0%,0%,0%,0%,0%,0%,0%,0%,0.326%,0%
2026-06-04 16:49:00,0%,0%,0%,0.782%,0%,0%,0%,0%,0%,0%,0%,0%,0%,0.359%,0%
2026-06-04 16:49:30,0%,0%,0%,0.773%,0%,0%,0%,0%,0%,0%,0%,0%,0%,0.349%,0%
2026-06-04 16:50:00,0%,0%,0%,0.671%,0%,0%,0%,0%,0%,0%,0%,0%,0%,0.277%,0%
2026-06-04 16:50:30,0%,0%,0%,0.658%,0%,0%,0%,0%,0%,0%,0%,0%,0%,0.257%,0%
2026-06-04 16:51:00,0%,0%,0%,0.653%,0%,0%,0%,0%,0%,0%,0%,0%,0%,0.254%,0%
2026-06-04 16:51:30,0%,0%,0%,0.653%,0%,0%,0%,0%,0%,0%,0%,0%,0%,0.250%,0%
2026-06-04 16:52:00,0%,0%,0%,0.640%,0%,0%,0%,0%,0%,0%,0%,0%,0%,0.231%,0%
2026-06-04 16:52:30,0%,0%,0%,0.742%,0%,0%,0%,0%,0%,0%,0%,0%,0%,0.272%,0%
2026-06-04 16:53:00,0%,0%,0%,1.03%,0%,0%,0%,0%,0%,0%,0%,0%,0%,0.404%,0%
2026-06-04 16:53:30,0%,0%,0%,1.02%,0%,0%,0%,0%,0%,0%,0%,0%,0%,0.401%,0%
2026-06-04 16:54:00,0%,0%,0%,0.889%,0%,0%,0%,0%,0%,0%,0%,0%,0%,0.370%,0%
2026-06-04 16:54:30,0%,0%,0%,0.591%,0%,0%,0%,0%,0%,0%,0%,0%,0%,0.240%,0%
2026-06-04 16:55:00,0%,0%,0%,0.631%,0%,0%,0%,0%,0%,0%,0%,0%,0%,0.252%,0%
2026-06-04 16:55:30,0%,0%,0%,0.667%,0%,0%,0%,0%,0%,0%,0%,0%,0%,0.248%,0%
2026-06-04 16:56:00,0%,0%,0%,0.667%,0%,0%,0%,0%,0%,0%,0%,0%,0%,0.251%,0%
2026-06-04 16:56:30,0%,0%,0%,0.569%,0%,0%,0%,0%,0%,0%,0%,0%,0%,0.239%,0%
2026-06-04 16:57:00,0%,0%,0%,0.551%,0%,0%,0%,0%,0%,0%,0%,0%,0%,0.238%,0%
2026-06-04 16:57:30,0%,0%,0%,0.533%,0%,0%,0%,0%,0%,0%,0%,0%,0%,0.223%,0%
2026-06-04 16:58:00,0%,0%,0%,0.547%,0%,0%,0%,0%,0%,0%,0%,0%,0%,0.218%,0%
2026-06-04 16:58:30,0%,0%,0%,0.533%,0%,0%,0%,0%,0%,0%,0%,0%,0%,0.210%,0%
2026-06-04 16:59:00,0%,0%,0%,0.573%,0%,0%,0%,0%,0%,0%,0%,0%,0%,0.236%,0%
2026-06-04 16:59:30,0%,0%,0%,0.573%,0%,0%,0%,0%,0%,0%,0%,0%,0%,0.243%,0%
2026-06-04 17:00:00,0%,0%,0%,0.556%,0%,0%,0%,0%,0%,0%,0%,0%,0%,0.260%,0%
2026-06-04 17:00:30,0%,0%,0%,0.556%,0%,0%,0%,0%,0%,0%,0%,0%,0%,0.254%,0%
2026-06-04 17:01:00,0%,0%,0%,0.578%,0%,0%,0%,0%,0%,0%,0%,0%,0%,0.256%,0%
2026-06-04 17:01:30,0%,0%,0%,0.613%,0%,0%,0%,0%,0%,0%,0%,0%,0%,0.259%,0%
2026-06-04 17:02:00,0%,0%,0%,0.667%,0%,0%,0%,0%,0%,0%,0%,0%,0%,0.261%,0%
2026-06-04 17:02:30,0%,0%,0%,0.698%,0%,0%,0%,0%,0%,0%,0%,0%,0%,0.276%,0%
2026-06-04 17:03:00,0%,0%,0%,0.778%,0%,0%,0%,0%,0%,0%,0%,0%,0%,0.277%,0%
2026-06-04 17:03:30,0%,0%,0%,0.751%,0%,0%,0%,0%,0%,0%,0%,0%,0%,0.268%,0%
2026-06-04 17:04:00,0%,0%,0%,0.769%,0%,0%,0%,0%,0%,0%,0%,0%,0%,0.261%,0%
2026-06-04 17:04:30,0%,0%,0%,0.733%,0%,0%,0%,0%,0%,0%,0%,0%,0%,0.263%,0%
2026-06-04 17:05:00,0%,0%,0%,0.676%,0%,0%,0%,0%,0%,0%,0%,0%,0%,0.262%,0%
2026-06-04 17:05:30,0%,0%,0%,0.627%,0%,0%,0%,0%,0%,0%,0%,0%,0%,0.258%,0%
2026-06-04 17:06:00,0%,0%,0%,0.609%,0%,0%,0%,0%,0%,0%,0%,0%,0%,0.243%,0%
2026-06-04 17:06:30,0%,0%,0%,0.693%,0%,0%,0%,0%,0%,0%,0%,0%,0%,0.259%,0%
2026-06-04 17:07:00,0%,0%,0%,0.653%,0%,0%,0%,0%,0%,0%,0%,0%,0%,0.254%,0%
2026-06-04 17:07:30,0%,0%,0%,0.609%,0%,0%,0%,0%,0%,0%,0%,0%,0%,0.254%,0%
2026-06-04 17:08:00,0%,0%,0%,0.538%,0%,0%,0%,0%,0%,0%,0%,0%,0%,0.239%,0%
2026-06-04 17:08:30,0%,0%,0%,0.627%,0%,0%,0%,0%,0%,0%,0%,0%,0%,0.242%,0%
2026-06-04 17:09:00,0%,0%,0%,0.756%,0%,0%,0%,0%,0%,0%,0%,0%,0%,0.271%,0%
2026-06-04 17:09:30,0%,0%,0%,0.764%,0%,0%,0%,0%,0%,0%,0%,0%,0%,0.266%,0%
2026-06-04 17:10:00,0%,0%,0%,0.929%,0%,0%,0%,0%,0%,0%,0%,0%,0%,0.337%,0%
2026-06-04 17:10:30,0%,0%,0%,0.818%,0%,0%,0%,0%,0%,0%,0%,0%,0%,0.309%,0%
2026-06-04 17:11:00,0%,0%,0%,0.844%,0%,0%,0%,0%,0%,0%,0%,0%,0%,0.322%,0%
2026-06-04 17:11:30,0%,0%,0%,0.636%,0%,0%,0%,0%,0%,0%,0%,0%,0%,0.253%,0%
2026-06-04 17:12:00,0%,0%,0%,0.636%,0%,0%,0%,0%,0%,0%,0%,0%,0%,0.248%,0%
2026-06-04 17:12:30,0%,0%,0%,0.609%,0%,0%,0%,0%,0%,0%,0%,0%,0%,0.243%,0%
2026-06-04 17:13:00,0%,0%,0%,0.627%,0%,0%,0%,0%,0%,0%,0%,0%,0%,0.240%,0%
2026-06-04 17:13:30,0%,0%,0%,0.636%,0%,0%,0%,0%,0%,0%,0%,0%,0%,0.249%,0%
2026-06-04 17:14:00,0%,0%,0%,0.613%,0%,0%,0%,0%,0%,0%,0%,0%,0%,0.248%,0%
2026-06-04 17:14:30,0%,0%,0%,0.524%,0%,0%,0%,0%,0%,0%,0%,0%,0%,0.249%,0%
2026-06-04 17:15:00,0%,0%,0%,0.507%,0%,0%,0%,0%,0%,0%,0%,0%,0%,0.246%,0%
2026-06-04 17:15:30,0%,0%,0%,0.467%,0%,0%,0%,0%,0%,0%,0%,0%,0%,0.228%,0%
2026-06-04 17:16:00,0%,0%,0%,0.551%,0%,0%,0%,0%,0%,0%,0%,0%,0%,0.222%,0%
2026-06-04 17:16:30,0%,0%,0%,0.511%,0%,0%,0%,0%,0%,0%,0%,0%,0%,0.214%,0%
2026-06-04 17:17:00,0%,0%,0%,0.542%,0%,0%,0%,0%,0%,0%,0%,0%,0%,0.229%,0%
2026-06-04 17:17:30,0%,0%,0%,0.542%,0%,0%,0%,0%,0%,0%,0%,0%,0%,0.242%,0%
2026-06-04 17:18:00,0%,0%,0%,0.591%,0%,0%,0%,0%,0%,0%,0%,0%,0%,0.254%,0%
2026-06-04 17:18:30,0%,0%,0%,0.653%,0%,0%,0%,0%,0%,0%,0%,0%,0%,0.272%,0%
2026-06-04 17:19:00,0%,0%,0%,0.627%,0%,0%,0%,0%,0%,0%,0%,0%,0%,0.270%,0%
2026-06-04 17:19:30,0%,0%,0%,0.662%,0%,0%,0%,0%,0%,0%,0%,0%,0%,0.266%,0%
2026-06-04 17:20:00,0%,0%,0%,0.653%,0%,0%,0%,0%,0%,0%,0%,0%,0%,0.254%,0%
2026-06-04 17:20:30,0%,0%,0%,0.702%,0%,0%,0%,0%,0%,0%,0%,0%,0%,0.251%,0%
2026-06-04 17:21:00,0%,0%,0%,0.676%,0%,0%,0%,0%,0%,0%,0%,0%,0%,0.251%,0%
2026-06-04 17:21:30,0%,0%,0%,0.684%,0%,0%,0%,0%,0%,0%,0%,0%,0%,0.257%,0%
2026-06-04 17:22:00,0%,0%,0%,0.680%,0%,0%,0%,0%,0%,0%,0%,0%,0%,0.256%,0%
2026-06-04 17:22:30,0%,0%,0%,0.698%,0%,0%,0%,0%,0%,0%,0%,0%,0%,0.257%,0%
2026-06-04 17:23:00,0%,0%,0%,0.671%,0%,0%,0%,0%,0%,0%,0%,0%,0%,0.242%,0%
2026-06-04 17:23:30,0%,0%,0%,0.676%,0%,0%,0%,0%,0%,0%,0%,0%,0%,0.249%,0%
2026-06-04 17:24:00,0%,0%,0%,0.658%,0%,0%,0%,0%,0%,0%,0%,0%,0%,0.248%,0%
2026-06-04 17:24:30,0%,0%,0%,0.636%,0%,0%,0%,0%,0%,0%,0%,0%,0%,0.257%,0%
2026-06-04 17:25:00,0%,0%,0%,0.644%,0%,0%,0%,0%,0%,0%,0%,0%,0%,0.252%,0%
2026-06-04 17:25:30,0%,0%,0%,0.662%,0%,0%,0%,0%,0%,0%,0%,0%,0%,0.277%,0%
2026-06-04 17:26:00,0%,0%,0%,0.769%,0%,0%,0%,0%,0%,0%,0%,0%,0%,0.299%,0%
2026-06-04 17:26:30,0%,0%,0%,0.889%,0%,0%,0%,0%,0%,0%,0%,0%,0%,0.373%,0%
2026-06-04 17:27:00,0%,0%,0%,0.920%,0%,0%,0%,0%,0%,0%,0%,0%,0%,0.356%,0%
2026-06-04 17:27:30,0%,0%,0%,0.876%,0%,0%,0%,0%,0%,0%,0%,0%,0%,0.343%,0%
2026-06-04 17:28:00,0%,0%,0%,0.769%,0%,0%,0%,0%,0%,0%,0%,0%,0%,0.284%,0%
2026-06-04 17:28:30,0%,0%,0%,0.756%,0%,0%,0%,0%,0%,0%,0%,0%,0%,0.282%,0%
2026-06-04 17:29:00,0%,0%,0%,0.724%,0%,0%,0%,0%,0%,0%,0%,0%,0%,0.266%,0%
2026-06-04 17:29:30,0%,0%,0%,0.636%,0%,0%,0%,0%,0%,0%,0%,0%,0%,0.242%,0%
2026-06-04 17:30:00,0%,0%,0%,0.653%,0%,0%,0%,0%,0%,0%,0%,0%,0%,0.249%,0%
2026-06-04 17:30:30,0%,0%,0%,0.618%,0%,0%,0%,0%,0%,0%,0%,0%,0%,0.250%,0%
2026-06-04 17:31:00,0%,0%,0%,0.640%,0%,0%,0%,0%,0%,0%,0%,0%,0%,0.243%,0%
2026-06-04 17:31:30,0%,0%,0%,0.853%,0%,0%,0%,0%,0%,0%,0%,0%,0%,0.313%,0%
2026-06-04 17:32:00,0%,0%,0%,0.898%,0%,0%,0%,0%,0%,0%,0%,0%,0%,0.320%,0%
2026-06-04 17:32:30,0%,0%,0%,0.929%,0%,0%,0%,0%,0%,0%,0%,0%,0%,0.330%,0%
2026-06-04 17:33:00,0%,0%,0%,0.636%,0%,0%,0%,0%,0%,0%,0%,0%,0%,0.248%,0%
2026-06-04 17:33:30,0%,0%,0%,0.542%,0%,0%,0%,0%,0%,0%,0%,0%,0%,0.227%,0%
2026-06-04 17:34:00,0%,0%,0%,0.484%,0%,0%,0%,0%,0%,0%,0%,0%,0%,0.207%,0%
2026-06-04 17:34:30,0%,0%,0%,0.467%,0%,0%,0%,0%,0%,0%,0%,0%,0%,0.196%,0%
2026-06-04 17:35:00,0%,0%,0%,0.498%,0%,0%,0%,0%,0%,0%,0%,0%,0%,0.209%,0%
2026-06-04 17:35:30,0%,0%,0%,0.520%,0%,0%,0%,0%,0%,0%,0%,0%,0%,0.236%,0%
2026-06-04 17:36:00,0%,0%,0%,0.898%,0%,0%,0%,0%,0%,0%,0%,0%,0%,0.246%,0%
2026-06-04 17:36:30,0%,0%,0%,0.885%,0%,0%,0%,0%,0%,0%,0%,0%,0%,0.244%,0%
2026-06-04 17:37:00,0%,0%,0%,0.916%,0%,0%,0%,0%,0%,0%,0%,0%,0%,0.238%,0%
2026-06-04 17:37:30,0%,0%,0%,0.573%,0%,0%,0%,0%,0%,0%,0%,0%,0%,0.239%,0%
2026-06-04 17:38:00,0%,0%,0%,0.662%,0%,0%,0%,0%,0%,0%,0%,0%,0%,0.256%,0%
2026-06-04 17:38:30,0%,0%,0%,0.649%,0%,0%,0%,0%,0%,0%,0%,0%,0%,0.257%,0%
2026-06-04 17:39:00,0%,0%,0%,0.667%,0%,0%,0%,0%,0%,0%,0%,0%,0%,0.257%,0%
2026-06-04 17:39:30,0%,0%,0%,0.662%,0%,0%,0%,0%,0%,0%,0%,0%,0%,0.243%,0%
2026-06-04 17:40:00,0%,0%,0%,0.671%,0%,0%,0%,0%,0%,0%,0%,0%,0%,0.258%,0%
2026-06-04 17:40:30,0%,0%,0%,0.689%,0%,0%,0%,0%,0%,0%,0%,0%,0%,0.278%,0%
2026-06-04 17:41:00,0%,0%,0%,0.662%,0%,0%,0%,0%,0%,0%,0%,0%,0%,0.276%,0%
2026-06-04 17:41:30,0%,0%,0%,0.622%,0%,0%,0%,0%,0%,0%,0%,0%,0%,0.261%,0%
2026-06-04 17:42:00,0%,0%,0%,0.596%,0%,0%,0%,0%,0%,0%,0%,0%,0%,0.239%,0%
2026-06-04 17:42:30,0%,0%,0%,0.640%,0%,0%,0%,0%,0%,0%,0%,0%,0%,0.262%,0%
2026-06-04 17:43:00,0%,0%,0%,0.787%,0%,0%,0%,0%,0%,0%,0%,0%,0%,0.338%,0%
2026-06-04 17:43:30,0%,0%,0%,0.729%,0%,0%,0%,0%,0%,0%,0%,0%,0%,0.343%,0%
2026-06-04 17:44:00,0%,0%,0%,0.667%,0%,0%,0%,0%,0%,0%,0%,0%,0%,0.327%,0%
2026-06-04 17:44:30,0%,0%,0%,0.560%,0%,0%,0%,0%,0%,0%,0%,0%,0%,0.256%,0%
2026-06-04 17:45:00,0%,0%,0%,0.627%,0%,0%,0%,0%,0%,0%,0%,0%,0%,0.259%,0%
2026-06-04 17:45:30,0%,0%,0%,0.645%,0%,0%,0%,0%,0%,0%,0%,0%,0%,0.252%,0%
2026-06-04 17:46:00,0%,0%,0%,0.613%,0%,0%,0%,0%,0%,0%,0%,0%,0%,0.241%,0%
2026-06-04 17:46:30,0%,0.00445%,0%,1.18%,0%,0%,0%,0%,0%,0%,0%,0%,0%,0.536%,0%
2026-06-04 17:47:00,0%,0.00444%,0%,1.21%,0%,0%,0%,0%,0%,0%,0%,0%,0%,0.542%,0%
2026-06-04 17:47:30,0%,0.00444%,0%,1.25%,0%,0%,0%,0%,0%,0%,0%,0%,0%,0.566%,0%
2026-06-04 17:48:00,0%,0%,0%,0.680%,0%,0%,0%,0%,0%,0%,0%,0%,0%,0.270%,0%
2026-06-04 17:48:30,0%,0%,0%,0.653%,0%,0%,0%,0%,0%,0%,0%,0%,0%,0.271%,0%
2026-06-04 17:49:00,0%,0%,0%,0.636%,0%,0%,0%,0%,0%,0%,0%,0%,0%,0.258%,0%
2026-06-04 17:49:30,0%,0%,0%,0.671%,0%,0%,0%,0%,0%,0%,0%,0%,0%,0.257%,0%
2026-06-04 17:50:00,0%,0%,0%,1.12%,0%,0%,0%,0%,0%,0%,0%,0%,0%,0.503%,0%
2026-06-04 17:50:30,0%,0%,0%,1.11%,0%,0%,0%,0%,0%,0%,0%,0%,0%,0.503%,0%
2026-06-04 17:51:00,0%,0%,0%,1.02%,0%,0%,0%,0%,0%,0%,0%,0%,0%,0.497%,0%
2026-06-04 17:51:30,0%,0%,0%,0.489%,0%,0%,0%,0%,0%,0%,0%,0%,0%,0.227%,0%
2026-06-04 17:52:00,0%,0%,0%,0.484%,0%,0%,0%,0%,0%,0%,0%,0%,0%,0.201%,0%
2026-06-04 17:52:30,0%,0%,0%,1.20%,0%,0%,0%,0%,0%,0%,0%,0%,0%,0.526%,0%
2026-06-04 17:53:00,0%,0%,0%,1.69%,0%,0%,0%,0%,0%,0%,0%,0%,0%,0.751%,0%
2026-06-04 17:53:30,0%,0%,0%,2.44%,0%,0%,0%,0%,0%,0%,0%,0%,0%,1.11%,0%
2026-06-04 17:54:00,0%,0%,0%,2.43%,0%,0%,0%,0%,0%,0%,0%,0%,0%,1.09%,0%
2026-06-04 17:54:30,0%,0%,0%,2.43%,0%,0%,0%,0%,0%,0%,0%,0%,0%,1.13%,0%
2026-06-04 17:55:00,0%,0%,0%,2.24%,0%,0%,0%,0%,0%,0%,0%,0%,0%,1.05%,0%
2026-06-04 17:55:30,0%,0%,0%,1.91%,0%,0%,0%,0%,0%,0%,0%,0%,0%,0.910%,0%
2026-06-04 17:56:00,0%,0%,0%,1.70%,0%,0%,0%,0%,0%,0%,0%,0%,0%,0.790%,0%
2026-06-04 17:56:30,0%,0%,0%,1.66%,0%,0%,0%,0%,0%,0%,0%,0%,0%,0.793%,0%
2026-06-04 17:57:00,0%,0%,0%,1.59%,0%,0%,0%,0%,0%,0%,0%,0%,0%,0.748%,0%
2026-06-04 17:57:30,0%,0%,0%,1.60%,0%,0%,0%,0%,0%,0%,0%,0%,0%,0.757%,0%
2026-06-04 17:58:00,0%,0%,0%,1.30%,0%,0%,0%,0%,0%,0%,0%,0%,0%,0.628%,0%
2026-06-04 17:58:30,0%,0%,0%,1.35%,0%,0%,0%,0%,0%,0%,0%,0%,0%,0.649%,0%
2026-06-04 17:59:00,0%,0%,0%,1.57%,0%,0%,0%,0%,0%,0%,0%,0%,0%,0.749%,0%
2026-06-04 17:59:30,0%,0%,0%,1.60%,0%,0%,0%,0%,0%,0%,0%,0%,0%,0.743%,0%
2026-06-04 18:00:00,0%,0%,0%,1.68%,0%,0%,0%,0%,0%,0%,0%,0%,0%,0.800%,0%
2026-06-04 18:00:30,0%,0%,0%,1.40%,0%,0%,0%,0%,0%,0%,0%,0%,0%,0.656%,0%
2026-06-04 18:01:00,0%,0%,0%,1.45%,0%,0%,0%,0%,0%,0%,0%,0%,0%,0.658%,0%
2026-06-04 18:01:30,0%,0%,0%,1.20%,0%,0%,0%,0%,0%,0%,0%,0%,0%,0.539%,0%
2026-06-04 18:02:00,0%,0%,0%,1.26%,0%,0%,0%,0%,0%,0%,0%,0%,0%,0.543%,0%
2026-06-04 18:02:30,0%,0%,0%,1.51%,0%,0%,0%,0%,0%,0%,0%,0%,0%,0.528%,0%
2026-06-04 18:03:00,0%,0%,0%,1.55%,0%,0%,0%,0%,0%,0%,0%,0%,0%,0.524%,0%
2026-06-04 18:03:30,0%,0%,0%,1.45%,0%,0%,0%,0%,0%,0%,0%,0%,0%,0.514%,0%
2026-06-04 18:04:00,0%,0%,0%,0.929%,0%,0%,0%,0%,0%,0%,0%,0%,0%,0.413%,0%
2026-06-04 18:04:30,0%,0%,0%,0.773%,0%,0%,0%,0%,0%,0%,0%,0%,0%,0.362%,0%
2026-06-04 18:05:00,0%,0%,0%,0.711%,0%,0%,0%,0%,0%,0%,0%,0%,0%,0.343%,0%
2026-06-04 18:05:30,0%,0%,0%,0.938%,0%,0%,0%,0%,0%,0%,0%,0%,0%,0.436%,0%
2026-06-04 18:06:00,0%,0%,0%,1.18%,0%,0%,0%,0%,0%,0%,0%,0%,0%,0.544%,0%
2026-06-04 18:06:30,0%,0%,0%,1.28%,0%,0%,0%,0%,0%,0%,0%,0%,0%,0.568%,0%
2026-06-04 18:07:00,0%,0%,0%,1.10%,0%,0%,0%,0%,0%,0%,0%,0%,0%,0.521%,0%
2026-06-04 18:07:30,0%,0%,0%,0.956%,0%,0%,0%,0%,0%,0%,0%,0%,0%,0.450%,0%
2026-06-04 18:08:00,0%,0%,0%,0.831%,0%,0%,0%,0%,0%,0%,0%,0%,0%,0.384%,0%
2026-06-04 18:08:30,0%,0%,0%,0.867%,0%,0%,0%,0%,0%,0%,0%,0%,0%,0.408%,0%
2026-06-04 18:09:00,0%,0%,0%,0.911%,0%,0%,0%,0%,0%,0%,0%,0%,0%,0.449%,0%
2026-06-04 18:09:30,0%,0%,0%,0.925%,0%,0%,0%,0%,0%,0%,0%,0%,0%,0.458%,0%
2026-06-04 18:10:00,0%,0%,0%,0.893%,0%,0%,0%,0%,0%,0%,0%,0%,0%,0.421%,0%
2026-06-04 18:10:30,0%,0%,0%,0.853%,0%,0%,0%,0%,0%,0%,0%,0%,0%,0.369%,0%
2026-06-04 18:11:00,0%,0%,0%,0.911%,0%,0%,0%,0%,0%,0%,0%,0%,0%,0.409%,0%
2026-06-04 18:11:30,0%,0%,0%,1.08%,0%,0%,0%,0%,0%,0%,0%,0%,0%,0.467%,0%
2026-06-04 18:12:00,0%,0%,0%,1.15%,0%,0%,0%,0%,0%,0%,0%,0%,0%,0.522%,0%
2026-06-04 18:12:30,0%,0%,0%,1.20%,0%,0%,0%,0%,0%,0%,0%,0%,0%,0.533%,0%
2026-06-04 18:13:00,0%,0%,0%,1.20%,0%,0%,0%,0%,0%,0%,0%,0%,0%,0.557%,0%
2026-06-04 18:13:30,0%,0%,0%,1.54%,0%,0%,0%,0%,0%,0%,0%,0%,0%,0.533%,0%
2026-06-04 18:14:00,0%,0%,0%,1.68%,0%,0%,0%,0%,0%,0%,0%,0%,0%,0.542%,0%
2026-06-04 18:14:30,0%,0%,0%,1.72%,0%,0%,0%,0%,0%,0%,0%,0%,0%,0.551%,0%
2026-06-04 18:15:00,0%,0%,0%,1.22%,0%,0%,0%,0%,0%,0%,0%,0%,0%,0.492%,0%
2026-06-04 18:15:30,0%,0%,0%,1.46%,0%,0%,0%,0%,0%,0%,0%,0%,0%,0.700%,0%
2026-06-04 18:16:00,0%,0%,0%,1.21%,0%,0%,0%,0%,0%,0%,0%,0%,0%,0.568%,0%
2026-06-04 18:16:30,0%,0%,0%,1.64%,0%,0%,0%,0%,0%,0%,0%,0%,0%,0.748%,0%
2026-06-04 18:17:00,0%,0%,0%,1.22%,0%,0%,0%,0%,0%,0%,0%,0%,0%,0.519%,0%
2026-06-04 18:17:30,0%,0%,0%,1.34%,0%,0%,0%,0%,0%,0%,0%,0%,0%,0.583%,0%
2026-06-04 18:18:00,0%,0%,0%,1.14%,0%,0%,0%,0%,0%,0%,0%,0%,0%,0.474%,0%
2026-06-04 18:18:30,0%,0%,0%,1.20%,0%,0%,0%,0%,0%,0%,0%,0%,0%,0.470%,0%
2026-06-04 18:19:00,0%,0%,0%,1.20%,0%,0%,0%,0%,0%,0%,0%,0%,0%,0.482%,0%
2026-06-04 18:19:30,0%,0%,0%,1.16%,0%,0%,0%,0%,0%,0%,0%,0%,0%,0.486%,0%
2026-06-04 18:20:00,0%,0%,0%,1.17%,0%,0%,0%,0%,0%,0%,0%,0%,0%,0.506%,0%
2026-06-04 18:20:30,0%,0%,0%,1.22%,0%,0%,0%,0%,0%,0%,0%,0%,0%,0.534%,0%
2026-06-04 18:21:00,0%,0%,0%,1.04%,0%,0%,0%,0%,0%,0%,0%,0%,0%,0.461%,0%
2026-06-04 18:21:30,0%,0%,0%,0.844%,0%,0%,0%,0%,0%,0%,0%,0%,0%,0.393%,0%
2026-06-04 18:22:00,0%,0%,0%,0.716%,0%,0%,0%,0%,0%,0%,0%,0%,0%,0.327%,0%
2026-06-04 18:22:30,0%,0%,0%,1.70%,0%,0%,0%,0%,0%,0%,0%,0%,0%,0.909%,0%
2026-06-04 18:23:00,0%,0%,0%,1.75%,0%,0%,0%,0%,0%,0%,0%,0%,0%,0.950%,0%
2026-06-04 18:23:30,0%,0%,0%,1.89%,0%,0%,0%,0%,0%,0%,0%,0%,0%,1.02%,0%
2026-06-04 18:24:00,0%,0%,0%,0.924%,0%,0%,0%,0%,0%,0%,0%,0%,0%,0.429%,0%
2026-06-04 18:24:30,0%,0%,0%,0.893%,0%,0%,0%,0%,0%,0%,0%,0%,0%,0.389%,0%
2026-06-04 18:25:00,0%,0%,0%,1.28%,0%,0%,0%,0%,0%,0%,0%,0%,0%,0.569%,0%
2026-06-04 18:25:30,0%,0%,0%,1.35%,0%,0%,0%,0%,0%,0%,0%,0%,0%,0.601%,0%
2026-06-04 18:26:00,0%,0%,0%,1.51%,0%,0%,0%,0%,0%,0%,0%,0%,0%,0.666%,0%
2026-06-04 18:26:30,0%,0%,0%,1.00%,0%,0%,0%,0%,0%,0%,0%,0%,0%,0.418%,0%
2026-06-04 18:27:00,0%,0%,0%,0.924%,0%,0%,0%,0%,0%,0%,0%,0%,0%,0.403%,0%
2026-06-04 18:27:30,0%,0%,0%,0.742%,0%,0%,0%,0%,0%,0%,0%,0%,0%,0.331%,0%
2026-06-04 18:28:00,0%,0%,0%,0.831%,0%,0%,0%,0%,0%,0%,0%,0%,0%,0.394%,0%
2026-06-04 18:28:30,0%,0%,0%,0.791%,0%,0%,0%,0%,0%,0%,0%,0%,0%,0.373%,0%
2026-06-04 18:29:00,0%,0%,0%,0.773%,0%,0%,0%,0%,0%,0%,0%,0%,0%,0.369%,0%
2026-06-04 18:29:30,0%,0%,0%,0.569%,0%,0%,0%,0%,0%,0%,0%,0%,0%,0.267%,0%
2026-06-04 18:30:00,0%,0%,0%,0.556%,0%,0%,0%,0%,0%,0%,0%,0%,0%,0.249%,0%
2026-06-04 18:30:30,0%,0%,0%,0.573%,0%,0%,0%,0%,0%,0%,0%,0%,0%,0.246%,0%
2026-06-04 18:31:00,0%,0%,0%,0.627%,0%,0%,0%,0%,0%,0%,0%,0%,0%,0.266%,0%
2026-06-04 18:31:30,0%,0%,0%,0.662%,0%,0%,0%,0%,0%,0%,0%,0%,0%,0.290%,0%
2026-06-04 18:32:00,0%,0%,0%,0.671%,0%,0%,0%,0%,0%,0%,0%,0%,0%,0.290%,0%
2026-06-04 18:32:30,0%,0%,0%,1.12%,0%,0%,0%,0%,0%,0%,0%,0%,0%,0.500%,0%
2026-06-04 18:33:00,0%,0%,0%,1.31%,0%,0%,0%,0%,0%,0%,0%,0%,0%,0.608%,0%
2026-06-04 18:33:30,0%,0%,0%,1.35%,0%,0%,0%,0%,0%,0%,0%,0%,0%,0.630%,0%
2026-06-04 18:34:00,0%,0%,0%,0.929%,0%,0%,0%,0%,0%,0%,0%,0%,0%,0.404%,0%
2026-06-04 18:34:30,0%,0%,0%,0.698%,0%,0%,0%,0%,0%,0%,0%,0%,0%,0.270%,0%
2026-06-04 18:35:00,0%,0%,0%,0.702%,0%,0%,0%,0%,0%,0%,0%,0%,0%,0.254%,0%
2026-06-04 18:35:30,0%,0%,0%,0.631%,0%,0%,0%,0%,0%,0%,0%,0%,0%,0.250%,0%
2026-06-04 18:36:00,0%,0%,0%,0.618%,0%,0%,0%,0%,0%,0%,0%,0%,0%,0.249%,0%
2026-06-04 18:36:30,0%,0%,0%,0.511%,0%,0%,0%,0%,0%,0%,0%,0%,0%,0.237%,0%
2026-06-04 18:37:00,0%,0%,0%,0.587%,0%,0%,0%,0%,0%,0%,0%,0%,0%,0.240%,0%
2026-06-04 18:37:30,0%,0%,0%,0.542%,0%,0%,0%,0%,0%,0%,0%,0%,0%,0.233%,0%
2026-06-04 18:38:00,0%,0%,0%,0.582%,0%,0%,0%,0%,0%,0%,0%,0%,0%,0.230%,0%
2026-06-04 18:38:30,0%,0%,0%,0.542%,0%,0%,0%,0%,0%,0%,0%,0%,0%,0.229%,0%
2026-06-04 18:39:00,0%,0%,0%,0.613%,0%,0%,0%,0%,0%,0%,0%,0%,0%,0.259%,0%
2026-06-04 18:39:30,0%,0%,0%,0.618%,0%,0%,0%,0%,0%,0%,0%,0%,0%,0.261%,0%
2026-06-04 18:40:00,0%,0%,0%,0.658%,0%,0%,0%,0%,0%,0%,0%,0%,0%,0.268%,0%
2026-06-04 18:40:30,0%,0%,0%,0.622%,0%,0%,0%,0%,0%,0%,0%,0%,0%,0.243%,0%
2026-06-04 18:41:00,0%,0%,0%,0.662%,0%,0%,0%,0%,0%,0%,0%,0%,0%,0.247%,0%
2026-06-04 18:41:30,0%,0%,0%,0.609%,0%,0%,0%,0%,0%,0%,0%,0%,0%,0.240%,0%
2026-06-04 18:42:00,0%,0%,0%,0.582%,0%,0%,0%,0%,0%,0%,0%,0%,0%,0.236%,0%
2026-06-04 18:42:30,0%,0%,0%,0.533%,0%,0%,0%,0%,0%,0%,0%,0%,0%,0.237%,0%
2026-06-04 18:43:00,0%,0%,0%,0.547%,0%,0%,0%,0%,0%,0%,0%,0%,0%,0.232%,0%
2026-06-04 18:43:30,0%,0%,0%,0.600%,0%,0%,0%,0%,0%,0%,0%,0%,0%,0.233%,0%
2026-06-04 18:44:00,0%,0%,0%,0.604%,0%,0%,0%,0%,0%,0%,0%,0%,0%,0.228%,0%
2026-06-04 18:44:30,0%,0%,0%,0.569%,0%,0%,0%,0%,0%,0%,0%,0%,0%,0.230%,0%
2026-06-04 18:45:00,0%,0%,0%,0.578%,0%,0%,0%,0%,0%,0%,0%,0%,0%,0.244%,0%
2026-06-04 18:45:30,0%,0%,0%,0.538%,0%,0%,0%,0%,0%,0%,0%,0%,0%,0.248%,0%
2026-06-04 18:46:00,0%,0%,0%,0.551%,0%,0%,0%,0%,0%,0%,0%,0%,0%,0.238%,0%
2026-06-04 18:46:30,0%,0%,0%,0.516%,0%,0%,0%,0%,0%,0%,0%,0%,0%,0.226%,0%
2026-06-04 18:47:00,0%,0%,0%,0.489%,0%,0%,0%,0%,0%,0%,0%,0%,0%,0.216%,0%
2026-06-04 18:47:30,0%,0%,0%,0.471%,0%,0%,0%,0%,0%,0%,0%,0%,0%,0.226%,0%
2026-06-04 18:48:00,0%,0%,0%,0.440%,0%,0%,0%,0%,0%,0%,0%,0%,0%,0.227%,0%
2026-06-04 18:48:30,0%,0%,0%,0.507%,0%,0%,0%,0%,0%,0%,0%,0%,0%,0.232%,0%
2026-06-04 18:49:00,0%,0%,0%,0.582%,0%,0%,0%,0%,0%,0%,0%,0%,0%,0.256%,0%
2026-06-04 18:49:30,0%,0%,0%,0.658%,0%,0%,0%,0%,0%,0%,0%,0%,0%,0.266%,0%
2026-06-04 18:50:00,0%,0%,0%,0.898%,0%,0%,0%,0%,0%,0%,0%,0%,0%,0.362%,0%
2026-06-04 18:50:30,0%,0%,0%,0.885%,0%,0%,0%,0%,0%,0%,0%,0%,0%,0.353%,0%
2026-06-04 18:51:00,0%,0%,0%,0.893%,0%,0%,0%,0%,0%,0%,0%,0%,0%,0.348%,0%
2026-06-04 18:51:30,0%,0%,0%,0.667%,0%,0%,0%,0%,0%,0%,0%,0%,0%,0.264%,0%
2026-06-04 18:52:00,0%,0%,0%,0.676%,0%,0%,0%,0%,0%,0%,0%,0%,0%,0.262%,0%
2026-06-04 18:52:30,0%,0%,0%,0.667%,0%,0%,0%,0%,0%,0%,0%,0%,0%,0.273%,0%
2026-06-04 18:53:00,0%,0%,0%,0.684%,0%,0%,0%,0%,0%,0%,0%,0%,0%,0.266%,0%
2026-06-04 18:53:30,0%,0%,0%,0.613%,0%,0%,0%,0%,0%,0%,0%,0%,0%,0.252%,0%
2026-06-04 18:54:00,0%,0%,0%,0.573%,0%,0%,0%,0%,0%,0%,0%,0%,0%,0.239%,0%
2026-06-04 18:54:30,0%,0%,0%,0.582%,0%,0%,0%,0%,0%,0%,0%,0%,0%,0.259%,0%
2026-06-04 18:55:00,0%,0%,0%,0.645%,0%,0%,0%,0%,0%,0%,0%,0%,0%,0.276%,0%
2026-06-04 18:55:30,0%,0%,0%,0.649%,0%,0%,0%,0%,0%,0%,0%,0%,0%,0.274%,0%
2026-06-04 18:56:00,0%,0%,0%,0.636%,0%,0%,0%,0%,0%,0%,0%,0%,0%,0.256%,0%
2026-06-04 18:56:30,0%,0%,0%,0.631%,0%,0%,0%,0%,0%,0%,0%,0%,0%,0.262%,0%
2026-06-04 18:57:00,0%,0%,0%,0.667%,0%,0%,0%,0%,0%,0%,0%,0%,0%,0.266%,0%
2026-06-04 18:57:30,0%,0%,0%,0.667%,0%,0%,0%,0%,0%,0%,0%,0%,0%,0.271%,0%
2026-06-04 18:58:00,0%,0%,0%,0.649%,0%,0%,0%,0%,0%,0%,0%,0%,0%,0.251%,0%
2026-06-04 18:58:30,0%,0%,0%,0.613%,0%,0%,0%,0%,0%,0%,0%,0%,0%,0.249%,0%
2026-06-04 18:59:00,0%,0%,0%,0.556%,0%,0%,0%,0%,0%,0%,0%,0%,0%,0.237%,0%
2026-06-04 18:59:30,0%,0%,0%,0.556%,0%,0%,0%,0%,0%,0%,0%,0%,0%,0.239%,0%
2026-06-04 19:00:00,0%,0%,0%,0.609%,0%,0%,0%,0%,0%,0%,0%,0%,0%,0.244%,0%
2026-06-04 19:00:30,0%,0%,0%,0.684%,0%,0%,0%,0%,0%,0%,0%,0%,0%,0.272%,0%
2026-06-04 19:01:00,0%,0%,0%,0.778%,0%,0%,0%,0%,0%,0%,0%,0%,0%,0.311%,0%
2026-06-04 19:01:30,0%,0%,0%,0.738%,0%,0%,0%,0%,0%,0%,0%,0%,0%,0.313%,0%
2026-06-04 19:02:00,0%,0%,0%,0.729%,0%,0%,0%,0%,0%,0%,0%,0%,0%,0.294%,0%
2026-06-04 19:02:30,0%,0%,0%,0.578%,0%,0%,0%,0%,0%,0%,0%,0%,0%,0.248%,0%
2026-06-04 19:03:00,0%,0%,0%,0.556%,0%,0%,0%,0%,0%,0%,0%,0%,0%,0.234%,0%
2026-06-04 19:03:30,0%,0%,0%,0.489%,0%,0%,0%,0%,0%,0%,0%,0%,0%,0.226%,0%
2026-06-04 19:04:00,0%,0%,0%,0.480%,0%,0%,0%,0%,0%,0%,0%,0%,0%,0.219%,0%
2026-06-04 19:04:30,0%,0%,0%,0.507%,0%,0%,0%,0%,0%,0%,0%,0%,0%,0.226%,0%
2026-06-04 19:05:00,0%,0%,0%,0.547%,0%,0%,0%,0%,0%,0%,0%,0%,0%,0.236%,0%
2026-06-04 19:05:30,0%,0%,0%,0.951%,0%,0%,0%,0%,0%,0%,0%,0%,0%,0.352%,0%
2026-06-04 19:06:00,0%,0%,0%,0.951%,0%,0%,0%,0%,0%,0%,0%,0%,0%,0.368%,0%
2026-06-04 19:06:30,0%,0%,0%,1.16%,0%,0%,0%,0%,0%,0%,0%,0%,0%,0.453%,0%
2026-06-04 19:07:00,0%,0%,0%,0.778%,0%,0%,0%,0%,0%,0%,0%,0%,0%,0.356%,0%
2026-06-04 19:07:30,0%,0%,0%,0.751%,0%,0%,0%,0%,0%,0%,0%,0%,0%,0.331%,0%
2026-06-04 19:08:00,0%,0%,0%,0.524%,0%,0%,0%,0%,0%,0%,0%,0%,0%,0.237%,0%
2026-06-04 19:08:30,0%,0%,0%,0.693%,0%,0%,0%,0%,0%,0%,0%,0%,0%,0.232%,0%
2026-06-04 19:09:00,0%,0%,0%,0.716%,0%,0%,0%,0%,0%,0%,0%,0%,0%,0.234%,0%
2026-06-04 19:09:30,0%,0%,0%,0.760%,0%,0%,0%,0%,0%,0%,0%,0%,0%,0.238%,0%
2026-06-04 19:10:00,0%,0%,0%,0.689%,0%,0%,0%,0%,0%,0%,0%,0%,0%,0.243%,0%
2026-06-04 19:10:30,0%,0%,0%,0.702%,0%,0%,0%,0%,0%,0%,0%,0%,0%,0.252%,0%
2026-06-04 19:11:00,0%,0%,0%,0.636%,0%,0%,0%,0%,0%,0%,0%,0%,0%,0.258%,0%
2026-06-04 19:11:30,0%,0%,0%,0.600%,0%,0%,0%,0%,0%,0%,0%,0%,0%,0.250%,0%
2026-06-04 19:12:00,0%,0%,0%,0.556%,0%,0%,0%,0%,0%,0%,0%,0%,0%,0.243%,0%
2026-06-04 19:12:30,0%,0%,0%,0.582%,0%,0%,0%,0%,0%,0%,0%,0%,0%,0.230%,0%
2026-06-04 19:13:00,0%,0%,0%,0.569%,0%,0%,0%,0%,0%,0%,0%,0%,0%,0.236%,0%
2026-06-04 19:13:30,0%,0%,0%,0.627%,0%,0%,0%,0%,0%,0%,0%,0%,0%,0.233%,0%
2026-06-04 19:14:00,0%,0%,0%,0.653%,0%,0%,0%,0%,0%,0%,0%,0%,0%,0.243%,0%
2026-06-04 19:14:30,0%,0%,0%,0.631%,0%,0%,0%,0%,0%,0%,0%,0%,0%,0.241%,0%
2026-06-04 19:15:00,0%,0%,0%,0.627%,0%,0%,0%,0%,0%,0%,0%,0%,0%,0.254%,0%
2026-06-04 19:15:30,0%,0%,0%,0.573%,0%,0%,0%,0%,0%,0%,0%,0%,0%,0.254%,0%
2026-06-04 19:16:00,0%,0%,0%,0.622%,0%,0%,0%,0%,0%,0%,0%,0%,0%,0.260%,0%
2026-06-04 19:16:30,0%,0%,0%,0.613%,0%,0%,0%,0%,0%,0%,0%,0%,0%,0.256%,0%
2026-06-04 19:17:00,0%,0%,0%,0.649%,0%,0%,0%,0%,0%,0%,0%,0%,0%,0.259%,0%
2026-06-04 19:17:30,0%,0%,0%,0.596%,0%,0%,0%,0%,0%,0%,0%,0%,0%,0.249%,0%
2026-06-04 19:18:00,0%,0%,0%,0.582%,0%,0%,0%,0%,0%,0%,0%,0%,0%,0.242%,0%
2026-06-04 19:18:30,0%,0%,0%,0.604%,0%,0%,0%,0%,0%,0%,0%,0%,0%,0.252%,0%
2026-06-04 19:19:00,0%,0%,0%,0.578%,0%,0%,0%,0%,0%,0%,0%,0%,0%,0.254%,0%
2026-06-04 19:19:30,0%,0%,0%,0.569%,0%,0%,0%,0%,0%,0%,0%,0%,0%,0.258%,0%
2026-06-04 19:20:00,0%,0%,0%,0.547%,0%,0%,0%,0%,0%,0%,0%,0%,0%,0.252%,0%
2026-06-04 19:20:30,0%,0%,0%,0.564%,0%,0%,0%,0%,0%,0%,0%,0%,0%,0.249%,0%
2026-06-04 19:21:00,0%,0%,0%,0.582%,0%,0%,0%,0%,0%,0%,0%,0%,0%,0.253%,0%
2026-06-04 19:21:30,0%,0%,0%,0.600%,0%,0%,0%,0%,0%,0%,0%,0%,0%,0.248%,0%
2026-06-04 19:22:00,0%,0%,0%,0.631%,0%,0%,0%,0%,0%,0%,0%,0%,0%,0.246%,0%
2026-06-04 19:22:30,0%,0%,0%,0.618%,0%,0%,0%,0%,0%,0%,0%,0%,0%,0.262%,0%
2026-06-04 19:23:00,0%,0%,0%,0.827%,0%,0%,0%,0%,0%,0%,0%,0%,0%,0.358%,0%
2026-06-04 19:23:30,0%,0%,0%,0.840%,0%,0%,0%,0%,0%,0%,0%,0%,0%,0.380%,0%
2026-06-04 19:24:00,0%,0%,0%,0.849%,0%,0%,0%,0%,0%,0%,0%,0%,0%,0.361%,0%
2026-06-04 19:24:30,0%,0%,0%,0.636%,0%,0%,0%,0%,0%,0%,0%,0%,0%,0.266%,0%
2026-06-04 19:25:00,0%,0%,0%,0.627%,0%,0%,0%,0%,0%,0%,0%,0%,0%,0.252%,0%
2026-06-04 19:25:30,0%,0%,0%,0.658%,0%,0%,0%,0%,0%,0%,0%,0%,0%,0.257%,0%
2026-06-04 19:26:00,0%,0%,0%,0.649%,0%,0%,0%,0%,0%,0%,0%,0%,0%,0.252%,0%
2026-06-04 19:26:30,0%,0%,0%,0.649%,0%,0%,0%,0%,0%,0%,0%,0%,0%,0.263%,0%
2026-06-04 19:27:00,0%,0%,0%,0.644%,0%,0%,0%,0%,0%,0%,0%,0%,0%,0.261%,0%
2026-06-04 19:27:30,0%,0%,0%,0.618%,0%,0%,0%,0%,0%,0%,0%,0%,0%,0.262%,0%
2026-06-04 19:28:00,0%,0%,0%,0.609%,0%,0%,0%,0%,0%,0%,0%,0%,0%,0.239%,0%
2026-06-04 19:28:30,0%,0%,0%,0.564%,0%,0%,0%,0%,0%,0%,0%,0%,0%,0.233%,0%
2026-06-04 19:29:00,0%,0%,0%,0.578%,0%,0%,0%,0%,0%,0%,0%,0%,0%,0.236%,0%
2026-06-04 19:29:30,0%,0%,0%,0.600%,0%,0%,0%,0%,0%,0%,0%,0%,0%,0.242%,0%
2026-06-04 19:30:00,0%,0%,0%,0.613%,0%,0%,0%,0%,0%,0%,0%,0%,0%,0.243%,0%
2026-06-04 19:30:30,0%,0%,0%,0.600%,0%,0%,0%,0%,0%,0%,0%,0%,0%,0.241%,0%
2026-06-04 19:31:00,0%,0%,0%,0.564%,0%,0%,0%,0%,0%,0%,0%,0%,0%,0.237%,0%
2026-06-04 19:31:30,0%,0%,0%,0.564%,0%,0%,0%,0%,0%,0%,0%,0%,0%,0.227%,0%
2026-06-04 19:32:00,0%,0%,0%,1.37%,0%,0%,0%,0%,0%,0%,0%,0%,0%,0.569%,0%
2026-06-04 19:32:30,0%,0%,0%,1.34%,0%,0%,0%,0%,0%,0%,0%,0%,0%,0.570%,0%
2026-06-04 19:33:00,0%,0%,0%,1.32%,0%,0%,0%,0%,0%,0%,0%,0%,0%,0.580%,0%
2026-06-04 19:33:30,0%,0%,0%,0.529%,0%,0%,0%,0%,0%,0%,0%,0%,0%,0.220%,0%
2026-06-04 19:34:00,0%,0%,0%,0.542%,0%,0%,0%,0%,0%,0%,0%,0%,0%,0.203%,0%
2026-06-04 19:34:30,0%,0%,0%,0.551%,0%,0%,0%,0%,0%,0%,0%,0%,0%,0.191%,0%
2026-06-04 19:35:00,0%,0%,0%,0.533%,0%,0%,0%,0%,0%,0%,0%,0%,0%,0.210%,0%
2026-06-04 19:35:30,0%,0%,0%,0.569%,0%,0%,0%,0%,0%,0%,0%,0%,0%,0.246%,0%
2026-06-04 19:36:00,0%,0%,0%,0.493%,0%,0%,0%,0%,0%,0%,0%,0%,0%,0.250%,0%
2026-06-04 19:36:30,0%,0%,0%,0.560%,0%,0%,0%,0%,0%,0%,0%,0%,0%,0.268%,0%
2026-06-04 19:37:00,0%,0%,0%,0.591%,0%,0%,0%,0%,0%,0%,0%,0%,0%,0.262%,0%
2026-06-04 19:37:30,0%,0%,0%,0.684%,0%,0%,0%,0%,0%,0%,0%,0%,0%,0.270%,0%
2026-06-04 19:38:00,0%,0%,0%,0.636%,0%,0%,0%,0%,0%,0%,0%,0%,0%,0.259%,0%
2026-06-04 19:38:30,0%,0%,0%,0.573%,0%,0%,0%,0%,0%,0%,0%,0%,0%,0.251%,0%
2026-06-04 19:39:00,0%,0%,0%,0.618%,0%,0%,0%,0%,0%,0%,0%,0%,0%,0.283%,0%
2026-06-04 19:39:30,0%,0%,0%,0.662%,0%,0%,0%,0%,0%,0%,0%,0%,0%,0.280%,0%
2026-06-04 19:40:00,0%,0%,0%,0.836%,0%,0%,0%,0%,0%,0%,0%,0%,0%,0.373%,0%
2026-06-04 19:40:30,0%,0%,0%,0.787%,0%,0%,0%,0%,0%,0%,0%,0%,0%,0.351%,0%
2026-06-04 19:41:00,0%,0%,0%,0.760%,0%,0%,0%,0%,0%,0%,0%,0%,0%,0.342%,0%
2026-06-04 19:41:30,0%,0%,0%,0.618%,0%,0%,0%,0%,0%,0%,0%,0%,0%,0.257%,0%
2026-06-04 19:42:00,0%,0%,0%,0.582%,0%,0%,0%,0%,0%,0%,0%,0%,0%,0.244%,0%
2026-06-04 19:42:30,0%,0%,0%,0.600%,0%,0%,0%,0%,0%,0%,0%,0%,0%,0.254%,0%
2026-06-04 19:43:00,0%,0%,0%,0.600%,0%,0%,0%,0%,0%,0%,0%,0%,0%,0.251%,0%
2026-06-04 19:43:30,0%,0%,0%,0.658%,0%,0%,0%,0%,0%,0%,0%,0%,0%,0.250%,0%
2026-06-04 19:44:00,0%,0%,0%,5.15%,0%,0%,0%,0%,0%,0%,0%,0%,0%,0.292%,0%
2026-06-04 19:44:30,0%,0%,0%,5.22%,0%,0%,0%,0%,0%,0%,0%,0%,0%,0.302%,0%
2026-06-04 19:45:00,0%,0%,0%,5.22%,0%,0%,0%,0%,0%,0%,0%,0%,0%,0.322%,0%
2026-06-04 19:45:30,0%,0%,0%,0.716%,0%,0%,0%,0%,0%,0%,0%,0%,0%,0.277%,0%
2026-06-04 19:46:00,0%,0%,0%,0.613%,0%,0%,0%,0%,0%,0%,0%,0%,0%,0.250%,0%
2026-06-04 19:46:30,0%,0%,0%,0.604%,0%,0%,0%,0%,0%,0%,0%,0%,0%,0.234%,0%
2026-06-04 19:47:00,0%,0%,0%,0.622%,0%,0%,0%,0%,0%,0%,0%,0%,0%,0.238%,0%
2026-06-04 19:47:30,0%,0%,0%,0.613%,0%,0%,0%,0%,0%,0%,0%,0%,0%,0.248%,0%
2026-06-04 19:48:00,0%,0%,0%,0.582%,0%,0%,0%,0%,0%,0%,0%,0%,0%,0.247%,0%
2026-06-04 19:48:30,0%,0%,0%,0.516%,0%,0%,0%,0%,0%,0%,0%,0%,0%,0.242%,0%
2026-06-04 19:49:00,0%,0%,0%,0.542%,0%,0%,0%,0%,0%,0%,0%,0%,0%,0.241%,0%
2026-06-04 19:49:30,0%,0%,0%,0.493%,0%,0%,0%,0%,0%,0%,0%,0%,0%,0.229%,0%
2026-06-04 19:50:00,0%,0%,0%,0.520%,0%,0%,0%,0%,0%,0%,0%,0%,0%,0.218%,0%
2026-06-04 19:50:30,0%,0%,0%,0.524%,0%,0%,0%,0%,0%,0%,0%,0%,0%,0.233%,0%
2026-06-04 19:51:00,0%,0%,0%,0.551%,0%,0%,0%,0%,0%,0%,0%,0%,0%,0.238%,0%
2026-06-04 19:51:30,0%,0%,0%,0.529%,0%,0%,0%,0%,0%,0%,0%,0%,0%,0.244%,0%
2026-06-04 19:52:00,0%,0%,0%,0.507%,0%,0%,0%,0%,0%,0%,0%,0%,0%,0.228%,0%
2026-06-04 19:52:30,0%,0%,0%,0.502%,0%,0%,0%,0%,0%,0%,0%,0%,0%,0.234%,0%
2026-06-04 19:53:00,0%,0%,0%,0.520%,0%,0%,0%,0%,0%,0%,0%,0%,0%,0.231%,0%
2026-06-04 19:53:30,0%,0%,0%,0.538%,0%,0%,0%,0%,0%,0%,0%,0%,0%,0.229%,0%
2026-06-04 19:54:00,0%,0%,0%,0.564%,0%,0%,0%,0%,0%,0%,0%,0%,0%,0.251%,0%
2026-06-04 19:54:30,0%,0%,0%,0.538%,0%,0%,0%,0%,0%,0%,0%,0%,0%,0.253%,0%
2026-06-04 19:55:00,0%,0%,0%,0.569%,0%,0%,0%,0%,0%,0%,0%,0%,0%,0.268%,0%
2026-06-04 19:55:30,0%,0%,0%,0.622%,0%,0%,0%,0%,0%,0%,0%,0%,0%,0.264%,0%
2026-06-04 19:56:00,0%,0%,0.0622%,1.80%,0%,0%,0%,0%,0%,0%,0%,0%,0%,0.433%,0%
2026-06-04 19:56:30,0%,0%,0.0790%,6.24%,0%,0%,0%,0%,0%,0%,0%,0%,0%,1.04%,0%
2026-06-04 19:57:00,0%,0%,0.0790%,12.1%,0%,0%,0%,0%,0%,0%,0%,0%,0%,1.65%,0%
2026-06-04 19:57:30,0%,0%,0.0178%,14.5%,0%,0%,0%,0%,0%,0%,0%,0%,0%,1.75%,0%
2026-06-04 19:58:00,0%,0%,0%,13.3%,0%,0%,0%,0%,0%,0%,0%,0%,0%,1.32%,0%
2026-06-04 19:58:30,0%,0%,0%,10.2%,0%,0%,0%,0%,0%,0%,0%,0%,0%,0.818%,0%
2026-06-04 19:59:00,0%,0%,0%,9.28%,0%,0%,0%,0%,0%,0%,0%,0%,0%,0.679%,0%
2026-06-04 19:59:30,0%,0%,0%,8.73%,0%,0%,0%,0%,0%,0%,0%,0%,0%,0.661%,0%
2026-06-04 20:00:00,0%,0%,0%,9.18%,0%,0%,0%,0%,0%,0%,0%,0%,0%,0.646%,0%
2026-06-04 20:00:30,0%,0%,0%,9.43%,0%,0%,0%,0%,0%,0%,0%,0%,0%,0.643%,0%
2026-06-04 20:01:00,0%,0%,0%,8.99%,0%,0%,0%,0%,0%,0%,0%,0%,0%,0.582%,0%
2026-06-04 20:01:30,0%,0%,0%,8.24%,0%,0%,0%,0%,0%,0%,0%,0%,0%,0.538%,0%
2026-06-04 20:02:00,0%,0%,0%,6.80%,0%,0%,0%,0%,0%,0%,0%,0%,0%,0.513%,0%
2026-06-04 20:02:30,0%,0%,0%,4.68%,0%,0%,0%,0%,0%,0%,0%,0%,0%,0.423%,0%
2026-06-04 20:03:00,0%,0%,0%,2.55%,0%,0%,0%,0%,0%,0%,0%,0%,0%,0.370%,0%
2026-06-04 20:03:30,0%,0%,0%,1.36%,0%,0%,0%,0%,0%,0%,0%,0%,0%,0.299%,0%
2026-06-04 20:04:00,0%,0%,0%,1.64%,0%,0%,0%,0%,0%,0%,0%,0%,0%,0.287%,0%
2026-06-04 20:04:30,0%,0%,0%,1.31%,0%,0%,0%,0%,0%,0%,0%,0%,0%,0.294%,0%
2026-06-04 20:05:00,0%,0%,0%,1.39%,0%,0%,0%,0%,0%,0%,0%,0%,0%,0.286%,0%
2026-06-04 20:05:30,0%,0%,0%,1.23%,0%,0%,0%,0%,0%,0%,0%,0%,0%,0.294%,0%
2026-06-04 20:06:00,0%,0%,0%,1.33%,0%,0%,0%,0%,0%,0%,0%,0%,0%,0.276%,0%
2026-06-04 20:06:30,0%,0%,0%,1.55%,0%,0%,0%,0%,0%,0%,0%,0%,0%,0.266%,0%
2026-06-04 20:07:00,0%,0%,0%,1.99%,0%,0%,0%,0%,0%,0%,0%,0%,0%,0.248%,0%
2026-06-04 20:07:30,0%,0%,0%,1.92%,0%,0%,0%,0%,0%,0%,0%,0%,0%,0.248%,0%
2026-06-04 20:08:00,0%,0%,0%,1.54%,0%,0%,0%,0%,0%,0%,0%,0%,0%,0.242%,0%
2026-06-04 20:08:30,0%,0%,0%,0.964%,0%,0%,0%,0%,0%,0%,0%,0%,0%,0.258%,0%
2026-06-04 20:09:00,0%,0%,0%,1.08%,0%,0%,0%,0%,0%,0%,0%,0%,0%,0.257%,0%
2026-06-04 20:09:30,0%,0%,0%,1.56%,0%,0%,0%,0%,0%,0%,0%,0%,0%,0.317%,0%
2026-06-04 20:10:00,0%,0%,0%,1.71%,0%,0%,0%,0%,0%,0%,0%,0%,0%,0.321%,0%
2026-06-04 20:10:30,0%,0%,0%,1.56%,0%,0%,0%,0%,0%,0%,0%,0%,0%,0.333%,0%
2026-06-04 20:11:00,0%,0%,0%,1.24%,0%,0%,0%,0%,0%,0%,0%,0%,0%,0.287%,0%
2026-06-04 20:11:30,0%,0%,0%,1.34%,0%,0%,0%,0%,0%,0%,0%,0%,0%,0.279%,0%
2026-06-04 20:12:00,0%,0%,0%,1.36%,0%,0%,0%,0%,0%,0%,0%,0%,0%,0.273%,0%
2026-06-04 20:12:30,0%,0%,0%,1.63%,0%,0%,0%,0%,0%,0%,0%,0%,0%,0.336%,0%
2026-06-04 20:13:00,0%,0%,0%,1.84%,0%,0%,0%,0%,0%,0%,0%,0%,0%,0.424%,0%
2026-06-04 20:13:30,0%,0%,0%,1.96%,0%,0%,0%,0%,0%,0%,0%,0%,0%,0.418%,0%
2026-06-04 20:14:00,0%,0%,0%,1.79%,0%,0%,0%,0%,0%,0%,0%,0%,0%,0.371%,0%
2026-06-04 20:14:30,0%,0%,0%,1.96%,0%,0%,0%,0%,0%,0%,0%,0%,0%,0.283%,0%
2026-06-04 20:15:00,0%,0%,0%,1.92%,0%,0%,0%,0%,0%,0%,0%,0%,0%,0.320%,0%
2026-06-04 20:15:30,0%,0%,0%,1.92%,0%,0%,0%,0%,0%,0%,0%,0%,0%,0.319%,0%
2026-06-04 20:16:00,0%,0%,0%,1.42%,0%,0%,0%,0%,0%,0%,0%,0%,0%,0.347%,0%
2026-06-04 20:16:30,0%,0%,0%,1.38%,0%,0%,0%,0%,0%,0%,0%,0%,0%,0.317%,0%
2026-06-04 20:17:00,0%,0%,0%,1.48%,0%,0%,0%,0%,0%,0%,0%,0%,0%,0.324%,0%
2026-06-04 20:17:30,0%,0%,0%,1.46%,0%,0%,0%,0%,0%,0%,0%,0%,0%,0.309%,0%
2026-06-04 20:18:00,0%,0%,0%,1.56%,0%,0%,0%,0%,0%,0%,0%,0%,0%,0.307%,0%
2026-06-04 20:18:30,0%,0%,0%,1.34%,0%,0%,0%,0%,0%,0%,0%,0%,0%,0.298%,0%
2026-06-04 20:19:00,0%,0%,0%,1.20%,0%,0%,0%,0%,0%,0%,0%,0%,0%,0.278%,0%
2026-06-04 20:19:30,0%,0%,0%,1.27%,0%,0%,0%,0%,0%,0%,0%,0%,0%,0.274%,0%
2026-06-04 20:20:00,0%,0%,0%,1.31%,0%,0%,0%,0%,0%,0%,0%,0%,0%,0.259%,0%
2026-06-04 20:20:30,0%,0%,0%,1.32%,0%,0%,0%,0%,0%,0%,0%,0%,0%,0.261%,0%
2026-06-04 20:21:00,0%,0%,0%,1.29%,0%,0%,0%,0%,0%,0%,0%,0%,0%,0.296%,0%
2026-06-04 20:21:30,0%,0%,0%,1.15%,0%,0%,0%,0%,0%,0%,0%,0%,0%,0.293%,0%
2026-06-04 20:22:00,0%,0%,0%,1.65%,0%,0%,0%,0%,0%,0%,0%,0%,0%,0.283%,0%
2026-06-04 20:22:30,0%,0%,0%,1.52%,0%,0%,0%,0%,0%,0%,0%,0%,0%,0.249%,0%
2026-06-04 20:23:00,0%,0%,0%,1.50%,0%,0%,0%,0%,0%,0%,0%,0%,0%,0.254%,0%
2026-06-04 20:23:30,0%,0%,0%,1.18%,0%,0%,0%,0%,0%,0%,0%,0%,0%,0.284%,0%
2026-06-04 20:24:00,0%,0%,0%,1.17%,0%,0%,0%,0%,0%,0%,0%,0%,0%,0.301%,0%
2026-06-04 20:24:30,0%,0%,0%,1.20%,0%,0%,0%,0%,0%,0%,0%,0%,0%,0.292%,0%
2026-06-04 20:25:00,0%,0%,0%,1.08%,0%,0%,0%,0%,0%,0%,0%,0%,0%,0.279%,0%
2026-06-04 20:25:30,0%,0%,0%,1.17%,0%,0%,0%,0%,0%,0%,0%,0%,0%,0.276%,0%
2026-06-04 20:26:00,0%,0%,0%,1.12%,0%,0%,0%,0%,0%,0%,0%,0%,0%,0.341%,0%
2026-06-04 20:26:30,0%,0%,0%,0.929%,0%,0%,0%,0%,0%,0%,0%,0%,0%,0.338%,0%
2026-06-04 20:27:00,0%,0%,0%,0.667%,0%,0%,0%,0%,0%,0%,0%,0%,0%,0.321%,0%
2026-06-04 20:27:30,0%,0%,0%,0.609%,0%,0%,0%,0%,0%,0%,0%,0%,0%,0.260%,0%
2026-06-04 20:28:00,0%,0%,0%,0.653%,0%,0%,0%,0%,0%,0%,0%,0%,0%,0.258%,0%
2026-06-04 20:28:30,0%,0%,0%,0.653%,0%,0%,0%,0%,0%,0%,0%,0%,0%,0.252%,0%
2026-06-04 20:29:00,0%,0%,0%,0.698%,0%,0%,0%,0%,0%,0%,0%,0%,0%,0.273%,0%
2026-06-04 20:29:30,0%,0%,0%,0.667%,0%,0%,0%,0%,0%,0%,0%,0%,0%,0.277%,0%
2026-06-04 20:30:00,0%,0%,0%,0.818%,0%,0%,0%,0%,0%,0%,0%,0%,0%,0.361%,0%
2026-06-04 20:30:30,0%,0%,0%,0.978%,0%,0%,0%,0%,0%,0%,0%,0%,0%,0.427%,0%
2026-06-04 20:31:00,0%,0%,0%,0.960%,0%,0%,0%,0%,0%,0%,0%,0%,0%,0.422%,0%
2026-06-04 20:31:30,0%,0%,0%,0.902%,0%,0%,0%,0%,0%,0%,0%,0%,0%,0.361%,0%
2026-06-04 20:32:00,0%,0%,0%,0.636%,0%,0%,0%,0%,0%,0%,0%,0%,0%,0.263%,0%
2026-06-04 20:32:30,0%,0%,0%,0.667%,0%,0%,0%,0%,0%,0%,0%,0%,0%,0.266%,0%
2026-06-04 20:33:00,0%,0%,0%,0.556%,0%,0%,0%,0%,0%,0%,0%,0%,0%,0.246%,0%
2026-06-04 20:33:30,0%,0%,0%,0.627%,0%,0%,0%,0%,0%,0%,0%,0%,0%,0.257%,0%
2026-06-04 20:34:00,0%,0%,0%,0.582%,0%,0%,0%,0%,0%,0%,0%,0%,0%,0.247%,0%
2026-06-04 20:34:30,0%,0%,0%,0.613%,0%,0%,0%,0%,0%,0%,0%,0%,0%,0.242%,0%
2026-06-04 20:35:00,0%,0%,0%,0.631%,0%,0%,0%,0%,0%,0%,0%,0%,0%,0.244%,0%
2026-06-04 20:35:30,0%,0%,0%,0.627%,0%,0%,0%,0%,0%,0%,0%,0%,0%,0.244%,0%
2026-06-04 20:36:00,0%,0%,0%,0.582%,0%,0%,0%,0%,0%,0%,0%,0%,0%,0.248%,0%
2026-06-04 20:36:30,0%,0%,0%,0.600%,0%,0%,0%,0%,0%,0%,0%,0%,0%,0.246%,0%
2026-06-04 20:37:00,0%,0%,0%,0.644%,0%,0%,0%,0%,0%,0%,0%,0%,0%,0.267%,0%
2026-06-04 20:37:30,0%,0%,0%,0.693%,0%,0%,0%,0%,0%,0%,0%,0%,0%,0.277%,0%
2026-06-04 20:38:00,0%,0%,0%,0.591%,0%,0%,0%,0%,0%,0%,0%,0%,0%,0.268%,0%
2026-06-04 20:38:30,0%,0%,0%,0.538%,0%,0%,0%,0%,0%,0%,0%,0%,0%,0.248%,0%
2026-06-04 20:39:00,0%,0%,0%,0.533%,0%,0%,0%,0%,0%,0%,0%,0%,0%,0.259%,0%
2026-06-04 20:39:30,0%,0%,0%,0.533%,0%,0%,0%,0%,0%,0%,0%,0%,0%,0.256%,0%
2026-06-04 20:40:00,0%,0%,0%,0.529%,0%,0%,0%,0%,0%,0%,0%,0%,0%,0.264%,0%
2026-06-04 20:40:30,0%,0%,0%,0.520%,0%,0%,0%,0%,0%,0%,0%,0%,0%,0.251%,0%
2026-06-04 20:41:00,0%,0%,0%,0.551%,0%,0%,0%,0%,0%,0%,0%,0%,0%,0.263%,0%
2026-06-04 20:41:30,0%,0%,0%,0.600%,0%,0%,0%,0%,0%,0%,0%,0%,0%,0.269%,0%
2026-06-04 20:42:00,0%,0%,0%,0.613%,0%,0%,0%,0%,0%,0%,0%,0%,0%,0.269%,0%
2026-06-04 20:42:30,0%,0%,0%,0.662%,0%,0%,0%,0%,0%,0%,0%,0%,0%,0.263%,0%
2026-06-04 20:43:00,0%,0%,0%,0.653%,0%,0%,0%,0%,0%,0%,0%,0%,0%,0.264%,0%
2026-06-04 20:43:30,0%,0%,0%,0.627%,0%,0%,0%,0%,0%,0%,0%,0%,0%,0.267%,0%
2026-06-04 20:44:00,0%,0%,0%,0.587%,0%,0%,0%,0%,0%,0%,0%,0%,0%,0.264%,0%
2026-06-04 20:44:30,0%,0%,0%,0.596%,0%,0%,0%,0%,0%,0%,0%,0%,0%,0.254%,0%
2026-06-04 20:45:00,0%,0%,0%,0.636%,0%,0%,0%,0%,0%,0%,0%,0%,0%,0.262%,0%
2026-06-04 20:45:30,0%,0%,0%,0.658%,0%,0%,0%,0%,0%,0%,0%,0%,0%,0.284%,0%
2026-06-04 20:46:00,0%,0%,0%,0.667%,0%,0%,0%,0%,0%,0%,0%,0%,0%,0.286%,0%
2026-06-04 20:46:30,0%,0%,0%,0.822%,0%,0%,0%,0%,0%,0%,0%,0%,0%,0.343%,0%
2026-06-04 20:47:00,0%,0%,0%,0.769%,0%,0%,0%,0%,0%,0%,0%,0%,0%,0.328%,0%
2026-06-04 20:47:30,0%,0%,0%,0.751%,0%,0%,0%,0%,0%,0%,0%,0%,0%,0.320%,0%
2026-06-04 20:48:00,0%,0%,0%,0.613%,0%,0%,0%,0%,0%,0%,0%,0%,0%,0.241%,0%
2026-06-04 20:48:30,0%,0%,0%,0.644%,0%,0%,0%,0%,0%,0%,0%,0%,0%,0.238%,0%
2026-06-04 20:49:00,0%,0%,0%,0.640%,0%,0%,0%,0%,0%,0%,0%,0%,0%,0.252%,0%
2026-06-04 20:49:30,0%,0%,0%,0.618%,0%,0%,0%,0%,0%,0%,0%,0%,0%,0.259%,0%
2026-06-04 20:50:00,0%,0%,0%,0.587%,0%,0%,0%,0%,0%,0%,0%,0%,0%,0.256%,0%
2026-06-04 20:50:30,0%,0%,0%,0.649%,0%,0%,0%,0%,0%,0%,0%,0%,0%,0.257%,0%
2026-06-04 20:51:00,0%,0%,0%,0.609%,0%,0%,0%,0%,0%,0%,0%,0%,0%,0.256%,0%
2026-06-04 20:51:30,0%,0%,0%,0.649%,0%,0%,0%,0%,0%,0%,0%,0%,0%,0.256%,0%
2026-06-04 20:52:00,0%,0%,0%,0.578%,0%,0%,0%,0%,0%,0%,0%,0%,0%,0.238%,0%
2026-06-04 20:52:30,0%,0%,0%,0.569%,0%,0%,0%,0%,0%,0%,0%,0%,0%,0.236%,0%
2026-06-04 20:53:00,0%,0%,0%,0.556%,0%,0%,0%,0%,0%,0%,0%,0%,0%,0.243%,0%
2026-06-04 20:53:30,0%,0%,0%,0.551%,0%,0%,0%,0%,0%,0%,0%,0%,0%,0.248%,0%
2026-06-04 20:54:00,0%,0%,0%,0.547%,0%,0%,0%,0%,0%,0%,0%,0%,0%,0.247%,0%
2026-06-04 20:54:30,0%,0%,0%,0.524%,0%,0%,0%,0%,0%,0%,0%,0%,0%,0.248%,0%
2026-06-04 20:55:00,0%,0%,0%,0.529%,0%,0%,0%,0%,0%,0%,0%,0%,0%,0.252%,0%
2026-06-04 20:55:30,0%,0%,0%,0.564%,0%,0%,0%,0%,0%,0%,0%,0%,0%,0.254%,0%
2026-06-04 20:56:00,0%,0%,0%,0.533%,0%,0%,0%,0%,0%,0%,0%,0%,0%,0.236%,0%
2026-06-04 20:56:30,0%,0%,0%,0.484%,0%,0%,0%,0%,0%,0%,0%,0%,0%,0.218%,0%
2026-06-04 20:57:00,0%,0%,0%,0.449%,0%,0%,0%,0%,0%,0%,0%,0%,0%,0.216%,0%
2026-06-04 20:57:30,0%,0%,0%,0.498%,0%,0%,0%,0%,0%,0%,0%,0%,0%,0.230%,0%
2026-06-04 20:58:00,0%,0%,0%,0.542%,0%,0%,0%,0%,0%,0%,0%,0%,0%,0.244%,0%
2026-06-04 20:58:30,0%,0%,0%,0.533%,0%,0%,0%,0%,0%,0%,0%,0%,0%,0.244%,0%
2026-06-04 20:59:00,0%,0%,0%,0.538%,0%,0%,0%,0%,0%,0%,0%,0%,0%,0.239%,0%
2026-06-04 20:59:30,0%,0%,0%,0.524%,0%,0%,0%,0%,0%,0%,0%,0%,0%,0.242%,0%
2026-06-04 21:00:00,0%,0%,0%,0.644%,0%,0%,0%,0%,0%,0%,0%,0%,0%,0.292%,0%
2026-06-04 21:00:30,0%,0%,0%,0.733%,0%,0%,0%,0%,0%,0%,0%,0%,0%,0.316%,0%
2026-06-04 21:01:00,0%,0%,0%,0.742%,0%,0%,0%,0%,0%,0%,0%,0%,0%,0.316%,0%
2026-06-04 21:01:30,0%,0%,0%,0.667%,0%,0%,0%,0%,0%,0%,0%,0%,0%,0.277%,0%
2026-06-04 21:02:00,0%,0%,0%,0.618%,0%,0%,0%,0%,0%,0%,0%,0%,0%,0.260%,0%
2026-06-04 21:02:30,0%,0%,0%,0.671%,0%,0%,0%,0%,0%,0%,0%,0%,0%,0.276%,0%
2026-06-04 21:03:00,0%,0%,0%,0.867%,0%,0%,0%,0%,0%,0%,0%,0%,0%,0.358%,0%
2026-06-04 21:03:30,0%,0%,0%,0.822%,0%,0%,0%,0%,0%,0%,0%,0%,0%,0.356%,0%
2026-06-04 21:04:00,0%,0%,0%,0.796%,0%,0%,0%,0%,0%,0%,0%,0%,0%,0.336%,0%
2026-06-04 21:04:30,0%,0%,0%,0.640%,0%,0%,0%,0%,0%,0%,0%,0%,0%,0.250%,0%
2026-06-04 21:05:00,0%,0%,0%,0.627%,0%,0%,0%,0%,0%,0%,0%,0%,0%,0.252%,0%
2026-06-04 21:05:30,0%,0%,0%,0.596%,0%,0%,0%,0%,0%,0%,0%,0%,0%,0.246%,0%
2026-06-04 21:06:00,0%,0%,0%,0.591%,0%,0%,0%,0%,0%,0%,0%,0%,0%,0.257%,0%
2026-06-04 21:06:30,0%,0%,0%,0.587%,0%,0%,0%,0%,0%,0%,0%,0%,0%,0.254%,0%
2026-06-04 21:07:00,0%,0%,0%,0.604%,0%,0%,0%,0%,0%,0%,0%,0%,0%,0.267%,0%
2026-06-04 21:07:30,0%,0%,0%,0.573%,0%,0%,0%,0%,0%,0%,0%,0%,0%,0.250%,0%
2026-06-04 21:08:00,0%,0%,0%,0.618%,0%,0%,0%,0%,0%,0%,0%,0%,0%,0.250%,0%
2026-06-04 21:08:30,0%,0%,0%,0.622%,0%,0%,0%,0%,0%,0%,0%,0%,0%,0.242%,0%
2026-06-04 21:09:00,0%,0%,0%,0.636%,0%,0%,0%,0%,0%,0%,0%,0%,0%,0.239%,0%
2026-06-04 21:09:30,0%,0%,0%,0.596%,0%,0%,0%,0%,0%,0%,0%,0%,0%,0.234%,0%
2026-06-04 21:10:00,0%,0%,0%,0.591%,0%,0%,0%,0%,0%,0%,0%,0%,0%,0.244%,0%
2026-06-04 21:10:30,0%,0%,0%,0.578%,0%,0%,0%,0%,0%,0%,0%,0%,0%,0.246%,0%
2026-06-04 21:11:00,0%,0%,0%,0.596%,0%,0%,0%,0%,0%,0%,0%,0%,0%,0.249%,0%
2026-06-04 21:11:30,0%,0%,0%,0.618%,0%,0%,0%,0%,0%,0%,0%,0%,0%,0.251%,0%
2026-06-04 21:12:00,0%,0%,0%,0.596%,0%,0%,0%,0%,0%,0%,0%,0%,0%,0.258%,0%
2026-06-04 21:12:30,0%,0%,0%,0.604%,0%,0%,0%,0%,0%,0%,0%,0%,0%,0.264%,0%
2026-06-04 21:13:00,0%,0%,0%,0.560%,0%,0%,0%,0%,0%,0%,0%,0%,0%,0.250%,0%
2026-06-04 21:13:30,0%,0%,0%,0.627%,0%,0%,0%,0%,0%,0%,0%,0%,0%,0.254%,0%
2026-06-04 21:14:00,0%,0%,0%,0.613%,0%,0%,0%,0%,0%,0%,0%,0%,0%,0.249%,0%
2026-06-04 21:14:30,0%,0%,0%,0.649%,0%,0%,0%,0%,0%,0%,0%,0%,0%,0.258%,0%
2026-06-04 21:15:00,0%,0%,0%,0.556%,0%,0%,0%,0%,0%,0%,0%,0%,0%,0.236%,0%
2026-06-04 21:15:30,0%,0%,0%,0.556%,0%,0%,0%,0%,0%,0%,0%,0%,0%,0.229%,0%
2026-06-04 21:16:00,0%,0%,0%,0.516%,0%,0%,0%,0%,0%,0%,0%,0%,0%,0.241%,0%
2026-06-04 21:16:30,0%,0%,0%,0.538%,0%,0%,0%,0%,0%,0%,0%,0%,0%,0.246%,0%
2026-06-04 21:17:00,0%,0%,0%,0.484%,0%,0%,0%,0%,0%,0%,0%,0%,0%,0.244%,0%
2026-06-04 21:17:30,0%,0%,0%,0.507%,0%,0%,0%,0%,0%,0%,0%,0%,0%,0.247%,0%
2026-06-04 21:18:00,0%,0%,0%,0.502%,0%,0%,0%,0%,0%,0%,0%,0%,0%,0.254%,0%
2026-06-04 21:18:30,0%,0%,0%,0.556%,0%,0%,0%,0%,0%,0%,0%,0%,0%,0.258%,0%
2026-06-04 21:19:00,0%,0%,0%,0.649%,0%,0%,0%,0%,0%,0%,0%,0%,0%,0.258%,0%
2026-06-04 21:19:30,0%,0%,0%,0.667%,0%,0%,0%,0%,0%,0%,0%,0%,0%,0.258%,0%
2026-06-04 21:20:00,0%,0%,0%,0.925%,0%,0%,0%,0%,0%,0%,0%,0%,0%,0.367%,0%
2026-06-04 21:20:30,0%,0%,0%,0.827%,0%,0%,0%,0%,0%,0%,0%,0%,0%,0.353%,0%
2026-06-04 21:21:00,0%,0%,0%,0.849%,0%,0%,0%,0%,0%,0%,0%,0%,0%,0.358%,0%
2026-06-04 21:21:30,0%,0%,0%,0.600%,0%,0%,0%,0%,0%,0%,0%,0%,0%,0.247%,0%
2026-06-04 21:22:00,0%,0%,0%,0.591%,0%,0%,0%,0%,0%,0%,0%,0%,0%,0.247%,0%
2026-06-04 21:22:30,0%,0%,0%,0.578%,0%,0%,0%,0%,0%,0%,0%,0%,0%,0.250%,0%
2026-06-04 21:23:00,0%,0%,0%,0.560%,0%,0%,0%,0%,0%,0%,0%,0%,0%,0.247%,0%
2026-06-04 21:23:30,0%,0%,0%,0.573%,0%,0%,0%,0%,0%,0%,0%,0%,0%,0.246%,0%
2026-06-04 21:24:00,0%,0%,0%,0.587%,0%,0%,0%,0%,0%,0%,0%,0%,0%,0.233%,0%
2026-06-04 21:24:30,0%,0%,0%,0.604%,0%,0%,0%,0%,0%,0%,0%,0%,0%,0.238%,0%
2026-06-04 21:25:00,0%,0%,0%,0.636%,0%,0%,0%,0%,0%,0%,0%,0%,0%,0.236%,0%
2026-06-04 21:25:30,0%,0%,0%,0.631%,0%,0%,0%,0%,0%,0%,0%,0%,0%,0.236%,0%